Egg.ID,Day,rot_mean,rot_var,temp_mean,temp_var,rh_mean,rh_var
07-114-02-15,148,69,0,37.45111111,0.006225926,46.315,0.643125
07-114-02-15,149,67,8,37.45111111,0.016359259,46.22666667,0.434658333
07-114-02-15,150,69,0,37.43333333,0.012033333,47.09833333,1.122408333
07-114-02-15,151,69,0,37.45111111,0.006225926,45.61333333,0.278258333
07-114-02-15,152,69,0,37.46888889,0.002314815,46.31333333,0.298158333
07-114-02-15,153,70,0,37.49666667,0,47.61833333,2.058358333
07-114-02-15,154,69,0,37.33444444,0.078948148,45.08,3.413275
07-114-02-15,155,69,0,37.43333333,0.012033333,46.83666667,0.847658333
07-114-02-15,156,35,2450,37.49666667,0,47.27166667,2.071408333
07-114-02-15,157,32.5,2112.5,37.37,0.048133333,46.485,2.504925
07-114-02-15,158,59.5,24.5,37.31666667,0.025011111,45.61333333,0.278258333
07-114-02-15,159,34.5,2380.5,37.51444444,0.000948148,45.7,0.301225
07-114-02-15,160,7.5,0.5,37.41555556,0.009603704,45.525,0.1621
07-114-02-15,161,34.5,2380.5,37.47888889,0.006637037,44.90833333,0.023408333
07-117-01-17,116,39.5,3120.5,37.53222222,0.000948148,47.36,0.7081
07-117-01-17,117,38.5,2964.5,37.51444444,0.000948148,47.53666667,0.698533333
07-117-01-17,118,37,2592,37.51444444,0.000948148,47.01,2.4892
07-117-01-17,119,39,2888,37.51444444,0.000948148,46.39166667,5.581458333
07-117-01-17,120,39.5,2964.5,37.49666667,0,47.96666667,1.908433333
07-117-01-17,121,39,3042,37.51444444,0.000948148,46.835,2.486575
07-117-01-17,122,38,2888,37.53222222,0.000948148,46.57333333,1.738633333
07-117-01-17,123,39.5,2964.5,37.51444444,0.000948148,47.185,1.294825
07-117-01-17,124,38.5,2964.5,37.53222222,0.000948148,47.35666667,3.172133333
07-117-01-17,125,39,3042,37.51444444,0.000948148,47.53333333,2.067033333
07-117-01-17,126,38.5,2964.5,37.47888889,0.000948148,46.48833333,0.847658333
07-117-01-17,127,77.5,0.5,37.51444444,0.000948148,47.96666667,1.877233333
07-117-01-17,128,70.5,112.5,37.56777778,0.000948148,48.14,1.4283
07-117-01-17,129,78,0,37.60333333,0,46.75,0.7081
07-117-01-17,130,79,0,37.60333333,0,47.09666667,3.021258333
07-117-01-17,131,78,0,37.60333333,0,46.835,2.486575
07-117-01-17,132,78,0,37.63111111,0.002314815,46.4,1.1025
07-117-01-17,133,78,0,37.60333333,0,49.18,0.0867
07-117-01-17,134,39,3042,37.63111111,0.002314815,47.87166667,5.889158333
07-117-01-17,135,39,3042,37.63111111,0.002314815,47.27,3.3732
07-117-01-17,136,39,3042,37.69444444,0.00907037,46.835,2.486575
07-117-01-17,137,39,3042,37.65888889,0.002314815,46.48833333,1.125908333
07-117-01-17,138,39,3042,37.65888889,0.002314815,47.27333333,0.639633333
07-117-01-17,139,38,2888,37.63111111,0.002314815,47.005,4.569475
07-117-01-17,140,39,3042,37.60333333,0,47.44666667,0.821633333
07-117-01-17,141,39.5,2964.5,37.63111111,0.002314815,47.09666667,2.558533333
07-117-01-17,142,40.5,2964.5,37.58555556,0.000948148,47.79333333,1.456033333
07-117-01-17,143,39,3042,37.65888889,0.002314815,46.83666667,1.731658333
07-117-01-17,144,39,3042,37.60333333,0,46.13833333,1.307908333
07-117-01-17,145,39,3042,37.66666667,0.012033333,46.57666667,0.639633333
07-117-03-15,132,70,0,37.46888889,0.002314815,45.96166667,0.852033333
07-117-03-15,133,69.5,0.5,37.36,0.002844444,45.26166667,0.093633333
07-117-03-15,134,4.5,40.5,37.42333333,0.004744444,44.90666667,0.861258333
07-117-03-15,135,34.5,2380.5,37.38777778,0.009603704,46.48666667,1.542408333
07-117-03-15,136,35,2450,37.40555556,0.00907037,47.445,1.916275
07-117-03-15,137,34.5,2380.5,37.20777778,0.150603704,49.52166667,0.265233333
07-117-03-15,138,34.5,2380.5,37.43333333,0.012033333,47.26166667,5.768533333
07-117-03-15,139,34.5,2380.5,37.43333333,0.012033333,45.525,0.1621
07-117-03-15,140,34.5,2380.5,37.43333333,0.012033333,45.085,0.2809
07-117-03-15,141,69.5,0.5,37.47888889,0.000948148,44.555,1.9663
07-117-03-15,142,35,2450,37.41555556,0.009603704,46.05166667,0.023408333
07-117-03-15,143,34.5,2380.5,37.37,0.012033333,45.52333333,0.371008333
07-117-03-15,144,69.5,0.5,37.38777778,0.009603704,46.92666667,0.068908333
07-117-03-15,145,34.5,612.5,37.37,0.012033333,47.45,0.2028
07-117-03-15,146,42.5,1512.5,37.46888889,0.002314815,47.62166667,0.364008333
07-117-03-15,147,0,0,37.35222222,0.022048148,46.22833333,0.023408333
07-117-03-15,148,69,0,37.45111111,0.006225926,46.315,0.643125
07-117-03-15,149,67,8,37.45111111,0.016359259,46.22666667,0.434658333
07-117-03-15,150,69,0,37.43333333,0.012033333,47.09833333,1.122408333
07-117-03-15,151,69,0,37.45111111,0.006225926,45.61333333,0.278258333
07-117-03-15,152,69,0,37.46888889,0.002314815,46.31333333,0.298158333
07-117-03-15,153,70,0,37.49666667,0,47.61833333,2.058358333
07-117-03-15,154,69,0,37.33444444,0.078948148,45.08,3.413275
07-117-03-15,155,69,0,37.43333333,0.012033333,46.83666667,0.847658333
07-117-03-15,156,35,2450,37.49666667,0,47.27166667,2.071408333
07-117-03-15,157,32.5,2112.5,37.37,0.048133333,46.485,2.504925
07-117-03-15,158,59.5,24.5,37.31666667,0.025011111,45.61333333,0.278258333
07-117-04-15,135,34.5,2380.5,37.38777778,0.009603704,46.48666667,1.542408333
07-117-04-15,136,35,2450,37.40555556,0.00907037,47.445,1.916275
07-117-04-15,137,34.5,2380.5,37.20777778,0.150603704,49.52166667,0.265233333
07-117-04-15,138,34.5,2380.5,37.43333333,0.012033333,47.26166667,5.768533333
07-117-04-15,139,34.5,2380.5,37.43333333,0.012033333,45.525,0.1621
07-117-04-15,140,34.5,2380.5,37.43333333,0.012033333,45.085,0.2809
07-117-04-15,141,69.5,0.5,37.47888889,0.000948148,44.555,1.9663
07-117-04-15,142,35,2450,37.41555556,0.009603704,46.05166667,0.023408333
07-117-04-15,143,34.5,2380.5,37.37,0.012033333,45.52333333,0.371008333
07-117-04-15,144,69.5,0.5,37.38777778,0.009603704,46.92666667,0.068908333
07-117-04-15,145,34.5,612.5,37.37,0.012033333,47.45,0.2028
07-117-04-15,146,42.5,1512.5,37.46888889,0.002314815,47.62166667,0.364008333
07-117-04-15,147,0,0,37.35222222,0.022048148,46.22833333,0.023408333
07-117-04-15,148,69,0,37.45111111,0.006225926,46.315,0.643125
07-117-04-15,149,67,8,37.45111111,0.016359259,46.22666667,0.434658333
07-117-04-15,150,69,0,37.43333333,0.012033333,47.09833333,1.122408333
07-117-04-15,151,69,0,37.45111111,0.006225926,45.61333333,0.278258333
07-117-04-15,152,69,0,37.46888889,0.002314815,46.31333333,0.298158333
07-117-04-15,153,70,0,37.49666667,0,47.61833333,2.058358333
07-117-04-15,154,69,0,37.33444444,0.078948148,45.08,3.413275
07-117-04-15,155,69,0,37.43333333,0.012033333,46.83666667,0.847658333
07-117-04-15,156,35,2450,37.49666667,0,47.27166667,2.071408333
07-117-04-15,157,32.5,2112.5,37.37,0.048133333,46.485,2.504925
07-117-04-15,158,59.5,24.5,37.31666667,0.025011111,45.61333333,0.278258333
07-117-04-15,159,34.5,2380.5,37.51444444,0.000948148,45.7,0.301225
07-117-04-15,160,7.5,0.5,37.41555556,0.009603704,45.525,0.1621
07-117-04-15,161,34.5,2380.5,37.47888889,0.006637037,44.90833333,0.023408333
07-117-05-15,147,32.5,112.5,32.72,4.938811111,59.29333333,19.43640833
07-117-05-15,148,100.5,12640.5,33.29,9.260833333,53.865,9.647175
07-117-05-15,149,72.5,3120.5,33.45555556,9.945937037,61.34166667,14.21860833
07-117-05-15,150,84.5,24.5,32.37666667,0.030044444,65.28333333,24.11505833
07-117-05-15,151,128,72,33.07666667,5.7328,59.41666667,2.617058333
07-117-05-15,152,6,0,32.73555556,7.861225926,51.72166667,13.41815833
07-117-05-15,153,128,2888,31.61222222,5.41077037,49.35333333,7.062108333
07-117-05-15,154,28,242,33.35,7.536577778,53.80666667,9.345258333
07-117-05-15,155,39.5,180.5,33.88666667,1.747633333,52.40166667,18.47480833
07-117-05-15,156,81.5,3612.5,33.28666667,0.588311111,59.285,34.722025
07-117-05-15,157,81,3362,34.53333333,9.163911111,56.25833333,3.540133333
07-117-05-15,158,75.5,4512.5,33.89888889,3.57927037,56.93833333,40.14375833
07-117-05-15,159,142.5,264.5,34.22,5.974233333,56.04333333,4.538808333
07-117-05-15,160,100.5,1404.5,33.18222222,13.31293704,58.00666667,39.79280833
07-117-05-15,161,96.5,9940.5,34.64111111,5.899737037,52.88666667,11.33895833
07-117-05-15,162,39.5,4.5,31.86666667,2.246433333,62.35333333,27.55223333
07-117-05-15,163,43,32,32.35,9.796577778,70.69,42.736225
07-117-05-15,164,87,578,33.82333333,2.851877778,68.28,32.830975
07-117-05-15,165,76,722,34.20111111,3.363692593,63.91166667,6.250508333
07-117-05-15,166,42.5,1860.5,34.57777778,4.566714815,63.74666667,1.859158333
07-117-05-15,167,66,6728,33.77777778,7.808025926,57.19,29.683425
07-117-05-16,131,133.5,3444.5,32.10333333,0.553077778,62.29666667,21.89535833
07-117-05-16,132,116,3042,29.74333333,14.46697778,65.18666667,37.32035833
07-117-05-16,133,140.5,180.5,31.62222222,4.271125926,58.41333333,48.82763333
07-117-05-16,134,105.5,8320.5,32.38333333,4.404811111,53.48333333,21.37065833
07-117-05-16,135,19,2,32.50555556,0.642714815,51.86,28.591675
07-117-05-16,136,148.5,112.5,32.49444444,2.265303704,50.08,47.945275
07-117-05-16,137,97.5,1200.5,34.25444444,0.892014815,52.22666667,8.781008333
07-117-05-16,138,127,338,32.49222222,5.687159259,45.69333333,16.37453333
07-117-05-16,139,101,1058,31.41222222,4.341892593,47.38833333,21.61990833
07-117-05-16,140,69.5,544.5,33.20111111,17.80632593,52.06666667,50.50293333
07-117-05-16,141,135,2888,37.16,0.589633333,48.315,0.290775
07-117-05-16,142,37.5,2812.5,37.61111111,0.016359259,47.275,0.431175
07-117-05-16,143,75,0,37.64666667,0.012033333,46.315,0.091875
07-117-05-16,144,75,0,37.66444444,0.006225926,45.95833333,3.419558333
07-117-05-16,145,74.5,0.5,37.59333333,0.012033333,45.955,4.837225
07-117-05-16,146,75,0,37.61111111,0.006225926,45.25666667,3.084233333
07-117-05-16,147,74.5,0.5,37.62888889,0.002314815,47.36333333,0.090133333
07-117-05-16,148,74,0,37.65666667,0,45.61,2.504325
07-117-05-16,149,74,0,37.65666667,0,46.75166667,0.298158333
07-117-05-16,150,74,0,37.65666667,0,46.84,0.091875
07-117-05-16,151,43,2738,37.53,0.012033333,46.75166667,0.022533333
07-117-05-16,152,37.5,2812.5,37.48444444,0.000948148,47.275,0.159475
07-117-05-16,153,37,2738,37.44888889,0.000948148,45.96,1.549425
07-117-05-16,154,36.5,2664.5,37.44888889,0.000948148,47.36166667,0.295108333
07-117-05-16,155,37.5,2812.5,37.54,0.004744444,45.96166667,1.409858333
07-117-05-16,156,1,0,37.17,0.002844444,47.97,0.0676
07-117-05-16,157,0,0,37.06111111,0.002314815,48.4,1.6987
07-117-05-16,158,1,0,37.52,0,66.6,1.743175
13-116-06-17,129,67.5,3120.5,32.08111111,1.374048148,55.77,105.178225
13-116-06-17,130,58.5,1300.5,32.25222222,5.676337037,58.555,11.824375
13-116-06-17,131,81.5,180.5,34.18111111,5.99957037,57.14333333,33.27555833
13-116-06-17,132,89,98,33.62777778,1.773937037,49.485,10.343775
13-116-06-17,133,169.5,24.5,34.42,3.692811111,50.695,2.004925
13-116-06-17,134,134,882,34.42111111,4.238781481,50.26666667,1.770558333
13-116-06-17,135,98,8712,34.20888889,1.566714815,57.85,10.029375
13-116-06-17,136,140.5,84.5,34.14555556,4.697625926,56.66333333,0.779608333
13-116-06-17,137,166.5,40.5,33.86111111,5.891937037,55.91,23.775325
13-116-06-17,138,113.5,2964.5,32.81888889,6.420137037,51.39166667,16.32130833
13-116-06-17,139,162.5,24.5,31.06666667,28.13097778,50.69,8.1273
13-116-06-17,140,44,450,32.43777778,2.947181481,60.13666667,0.731033333
13-116-06-17,141,136.5,24.5,31.10666667,4.296877778,55.50666667,0.169233333
13-116-06-17,142,131.5,60.5,32.96444444,2.434781481,57.38,8.749975
13-116-06-17,143,89.5,1300.5,32.64888889,6.755959259,57.685,7.134975
13-116-06-17,144,75,338,33.04666667,3.767877778,63.105,2.187775
13-116-06-17,145,44,1250,33.85555556,2.667492593,65.395,41.081475
13-116-06-17,146,136,2592,33.34333333,6.134533333,62.34166667,7.153808333
13-116-06-17,147,112,3362,34.14111111,0.34547037,57.10333333,16.21560833
13-116-06-17,148,82.5,9384.5,33.96,14.11823333,58.14166667,22.92075833
13-116-06-17,149,137.5,24.5,32.83888889,3.958414815,50.15166667,11.27950833
13-116-06-17,150,50.5,1300.5,31.89,1.893877778,56.35666667,5.278433333
13-116-06-17,151,82.5,4.5,31.16222222,11.45273704,45.98,63.438825
13-116-06-17,152,133,0,36.78444444,0.428403704,53.09166667,1.030233333
13-116-06-17,153,1,0,37.04555556,0.000948148,54.435,1.5967
13-116-06-17,154,0,0,37.06333333,0.002844444,54.855,0.1875
13-144-04-17,122,141.5,4.5,29.73888889,20.6653037,53.39333333,30.39563333
13-144-04-17,123,102.5,3280.5,32.02777778,14.06949259,49.22833333,12.78043333
13-144-04-17,124,45.5,40.5,33.56333333,4.482411111,45.225,7.722925
13-144-04-17,125,94,8978,31.84333333,16.85141111,46.68166667,26.47065833
13-144-04-17,126,154,1250,33.08,1.6132,45.71833333,28.31205833
13-144-04-17,127,77,3528,29.33666667,17.15964444,40.335,13.242325
13-144-04-17,128,136,2888,32.51888889,3.70037037,41.99333333,33.59835833
13-144-04-17,129,78.5,2964.5,32.28222222,2.703348148,53.475,27.735175
13-144-04-17,130,74,2312,33.28333333,5.882877778,59.64166667,162.2478083
13-144-04-17,131,107,1568,32.80444444,0.766681481,58.295,5.415825
13-144-04-17,132,127.5,5512.5,34.42222222,1.554025926,50.675,22.896475
13-144-04-17,133,79.5,40.5,35.05,2.0371,47.995,10.950025
13-144-04-17,134,58,2592,35.09333333,3.908811111,51.645,0.024325
13-144-04-17,135,147.5,544.5,31.11888889,20.46927037,51.08166667,2.310508333
13-144-04-17,136,61,5000,33.55222222,6.814714815,58.73666667,0.599608333
13-144-04-17,137,58.5,5512.5,34.02333333,4.0077,56.76333333,9.753158333
13-144-04-17,138,155.5,1104.5,32.61111111,7.975692593,56.43666667,37.25125833
13-144-04-17,139,70.5,5512.5,32.69777778,0.990914815,47.41666667,69.97840833
13-144-04-17,140,70.5,4324.5,32.67555556,9.89407037,64.27,114.871725
13-144-04-17,141,101,2888,32.20333333,5.439544444,65.18666667,87.18715833
13-144-04-17,142,72,10082,32.44333333,18.13167778,53.50833333,5.062008333
13-144-04-17,143,34.5,60.5,37.36,0,51.65333333,1.575058333
13-144-04-17,144,59.5,24.5,37.36,0,49.51,6.086775
13-144-04-17,145,33,512,37.30666667,0,51.995,0.151725
13-144-04-17,146,54.5,612.5,37.27111111,0.006637037,55.62333333,73.53010833
13-35-05-16,154,103,5832,32.88666667,15.08213333,58.835,13.520325
13-35-05-16,155,72.5,2380.5,35.14,39.88907778,56.85333333,15.68285833
13-35-05-16,156,52,2312,33.01555556,6.981492593,61.50333333,10.43270833
13-35-05-16,157,95,13122,33.53222222,5.157159259,61.21833333,1.583558333
13-35-05-16,158,89,1250,34.42888889,0.975825926,59.64333333,12.58975833
13-35-05-16,159,62,0,33.49888889,0.625048148,58.47,0.4909
13-35-05-16,160,35.5,612.5,38.45333333,97.83321111,44.59,187.5571
13-35-05-16,161,15.5,84.5,32.50222222,5.658581481,56.63166667,0.145058333
13-35-05-16,162,50,200,35.59111111,10.71302593,56.84833333,9.452508333
13-35-05-16,163,83,200,34.49555556,12.73112593,65.32166667,2.833558333
13-35-05-16,164,130,18,35.43666667,2.512577778,55.525,46.808775
13-35-05-16,165,0,0,37.04555556,0.000948148,52.92666667,0.278808333
13-35-05-16,166,26,1352,37.14444444,0.035559259,51.655,1.1271
13-35-05-16,167,1,0,37.34222222,0.000948148,51.89333333,8.544508333
13-35-05-16,168,18.5,612.5,37.27111111,0.000948148,51.98333333,6.795358333
13-35-05-16,169,1.5,4.5,37.38777778,0.002314815,51.57,1.235475
13-35-05-16,170,0,0,37.18,0.253011111,48.245,40.014775
13-46-03-15,118,72,3528,32.52,9.033911111,47.48666667,62.19855833
13-46-03-15,119,136,968,31.54888889,12.76258148,49.05166667,16.68523333
13-46-03-15,120,95,2738,33.08333333,3.135477778,44.85833333,1.279308333
13-46-03-15,121,82.5,60.5,32.92111111,2.414181481,39.995,73.467025
13-46-03-15,122,71,4802,33.11,5.775211111,47.71833333,10.71103333
13-46-03-15,123,97,162,33.42444444,4.688714815,45.675,98.589225
13-46-03-15,124,30.5,420.5,34.64222222,4.189848148,57.955,17.055025
13-46-03-15,125,19.5,364.5,33.11666667,3.445544444,58.29166667,4.252558333
13-46-03-15,126,112,3528,32.63222222,10.15093704,59.08666667,69.45090833
13-46-03-15,127,170.5,4.5,34.48777778,2.021159259,51.69,153.859825
13-46-03-15,128,64.5,1740.5,34.1,2.587433333,60.535,9.077925
13-46-03-15,129,45,162,33.56111111,4.158225926,65.32833333,67.63715833
13-46-03-15,130,100.5,9384.5,32.05666667,2.357211111,52.855,131.348475
13-46-03-15,131,91.5,112.5,33.36444444,2.044403704,55.375,38.785975
13-46-03-15,132,97,2450,32.10111111,7.037792593,47.965,58.941225
13-46-03-15,133,41,1152,33.45222222,5.050892593,46.06333333,22.84490833
13-46-03-15,134,148,882,31.80777778,4.58467037,45.84,269.865525
13-46-03-15,135,79.5,6160.5,33.32222222,4.486892593,57.81666667,2.554233333
13-46-03-15,136,120,578,35.24222222,2.056359259,57.80333333,1.501458333
13-46-03-15,137,140.5,4.5,34.81111111,1.662892593,57.795,119.0911
13-46-03-15,138,81,1800,30.91222222,8.34527037,52.895,164.289225
13-46-03-15,139,37,8,31.97888889,8.733848148,42.695,34.6444
13-46-03-15,140,91,32,32.75111111,0.891214815,52.57666667,32.41085833
13-46-04-16,119,12.5,12.5,26.08333333,12.85991111,70.79666667,111.7573583
13-46-04-16,120,80,5618,22.11666667,148.3403444,77.09666667,129.7758583
13-46-04-16,121,130.5,112.5,28.27333333,20.26084444,60.3,27.4779
13-46-04-16,122,146.5,840.5,31.57111111,13.88647037,66.54666667,72.65310833
13-46-04-16,123,42,2312,34.00555556,4.023359259,53.87333333,7.786633333
13-46-04-16,124,81,7200,30.87333333,22.46674444,53.045,2.980425
13-46-04-16,125,33,800,33.37777778,6.31907037,55.15,2.565525
13-46-04-16,126,15.5,84.5,30.19,19.71767778,53.08833333,52.47463333
13-46-04-16,127,118.5,5512.5,33.66,8.892211111,49.08333333,69.69155833
13-46-04-16,128,143,2450,32.92222222,5.676637037,50.155,39.586225
13-46-04-16,129,107.5,3444.5,33.91666667,3.504744444,51.6,14.952175
13-46-04-16,130,139.5,2380.5,33.12777778,6.143425926,55.21833333,17.08303333
13-46-04-16,131,99,512,31.26333333,1.852933333,66.235,75.438025
13-46-04-16,132,114,1922,34.33555556,1.860281481,65.65333333,4.960608333
13-46-04-16,133,42.5,2244.5,34.74222222,2.337348148,57.265,20.860975
13-46-04-16,134,147.5,2112.5,30.81555556,23.38245926,54.98666667,85.59660833
13-46-04-16,135,93.5,9112.5,31.42222222,7.461181481,54.235,139.873825
13-46-04-16,136,80.5,5940.5,32.79333333,2.977677778,52.08833333,7.812758333
13-46-04-16,137,106,578,31.95222222,0.428603704,51.90666667,11.08013333
13-46-04-16,138,67.5,1740.5,33.96444444,5.155803704,54.70333333,2.493958333
13-46-04-16,139,102.5,11704.5,34.42111111,6.599303704,51.89333333,5.304558333
13-46-04-16,140,93.5,4900.5,34.30333333,6.596033333,50.50166667,194.6295583
13-46-04-16,141,132.5,924.5,34.67222222,1.906048148,52.98333333,39.13190833
13-46-04-16,142,18.5,12.5,34.53888889,5.06507037,53.08333333,117.4241083
13-46-04-16,143,34,2312,35.21111111,11.56872593,48.915,2.415175
13-46-04-16,144,6,72,37.20777778,0.00907037,47.45,0
A1-2-16,106,39.5,612.5,32.55888889,4.014025926,48.37333333,12.37200833
A1-2-16,107,57.5,1200.5,33.70555556,2.460825926,54.05666667,6.152433333
A1-2-16,108,135.5,144.5,34.36222222,6.584237037,51.13666667,19.67503333
A1-2-16,109,150,882,31.48888889,8.247603704,49.07333333,93.28615833
A1-2-16,110,92,14792,33.65222222,10.16703704,48.70333333,10.52485833
A1-2-16,111,85,12168,33.32111111,5.576548148,48.975,45.699325
A1-2-16,112,84.5,10804.5,34.52666667,6.154711111,50.46,0.6796
A1-2-16,113,41,162,33.02,0.139377778,48.75666667,39.29340833
A1-2-16,114,92.5,60.5,33.05777778,0.384559259,56.05166667,34.19145833
A1-2-16,115,27,1152,32.94111111,7.188903704,60.79333333,0.010608333
A1-2-16,116,114,648,30.26333333,43.79121111,63.99666667,0.630933333
A1-2-16,117,87.5,2664.5,30.99666667,22.06937778,59.81833333,22.77280833
A1-2-16,118,88.5,40.5,33.51,0.447144444,54.90166667,1.184658333
A1-2-16,119,115,800,32.43666667,5.505911111,50.08166667,56.99755833
A1-2-16,120,112,5832,33.85111111,1.074848148,52.58,41.962825
A1-2-16,121,163,392,34.53444444,0.725603704,52.14,3.5569
A1-2-16,122,87,2312,35.53333333,4.781744444,51.89666667,34.78160833
A1-2-16,123,92.5,6612.5,35.65333333,5.348844444,51.85666667,11.69050833
A1-2-16,124,59.5,4.5,32.86,28.93583333,54.23,58.382275
A1-2-16,125,92.5,14620.5,32.99222222,18.09827037,52.25,29.7439
A1-2-16,126,59,1800,33.51777778,0.836737037,54.21666667,10.01020833
A1-2-16,127,89.5,9112.5,33.94777778,8.092137037,51.585,24.710725
A1-2-16,128,144.5,40.5,34.47333333,5.913677778,49.765,19.1821
A1-2-16,129,167,288,33.25333333,6.650544444,51.23166667,1.162808333
A1-2-16,130,144,722,31.41888889,0.629025926,61.89166667,34.93100833
A1-2-16,131,33,2,31.07777778,12.28118148,54.07833333,5.085558333
A1-2-16,132,105,6728,33.08666667,5.4583,50.58,5.3131
B5#6,120,134,1682,33.43888889,11.13689259,58.735,23.824675
B5#6,121,76.5,3280.5,33.56888889,0.133692593,59.93666667,18.01613333
B5#6,122,93.5,3280.5,33.35444444,2.585181481,50.23166667,49.81085833
B5#6,123,123.5,4.5,32.20777778,4.420014815,44.45,38.0587
B5#6,124,29,1250,32.82555556,2.097125926,51.08666667,30.35610833
B5#6,125,124.5,1624.5,31.05222222,0.667514815,65.31166667,51.08140833
B5#6,126,18.5,12.5,30.62888889,2.833359259,54.47833333,3.507433333
B5#6,127,87.5,7812.5,32.14888889,0.195048148,56.645,13.594825
B5#6,128,156.5,480.5,32.09444444,2.146114815,48.94,7.467775
B5#6,129,36.5,112.5,33.73888889,4.744492593,44.28666667,47.51650833
B5#6,130,132.5,3612.5,33.78555556,1.254114815,47.34166667,6.591058333
B5#6,131,82.5,144.5,31.88,1.985433333,56.90833333,24.04580833
B5#6,132,62,578,31.89111111,3.511692593,55.075,12.805975
B5#6,133,63,5000,32.13,0.233677778,65.6,126.891975
B5#6,134,83,10952,32.52222222,10.93604815,56.865,10.9564
B5#6,135,150,392,32.39333333,7.463033333,53.25166667,34.89925833
B5#6,136,52.5,180.5,33.57888889,3.326448148,51.06166667,55.94905833
B5#6,137,140,1250,33.67444444,7.990403704,54.14666667,2.463858333
B5#6,138,56,512,34.43666667,5.856544444,58.19,3.356575
B5#6,139,31,18,32.64666667,6.840811111,60.63833333,3.673808333
B5#6,140,66.5,112.5,33.59888889,0.047003704,63.46166667,17.13985833
B5#6,141,79,242,33.40444444,3.866503704,55.255,2.938225
B5#6,142,130.5,312.5,32.60222222,0.716781481,63.19666667,6.010158333
B5#6,143,61,6272,32.63222222,0.588803704,62.91166667,0.201558333
B6#3,120,52.5,1404.5,30.58222222,1.068359259,57.78,31.8643
B6#3,121,54.5,924.5,32.38888889,4.672003704,56.165,65.063425
B6#3,122,83,13448,28.03222222,30.31527037,70.245,103.112725
B6#3,123,85.5,264.5,33.85444444,7.730292593,63.06666667,7.177908333
B6#3,124,132.5,612.5,34.47666667,0.257811111,65.04166667,3.938958333
B6#3,125,141,98,33.72222222,2.129959259,61.52333333,8.198508333
B6#3,126,65.5,1104.5,32.75777778,0.362137037,59.41833333,8.404508333
B6#3,127,124.5,5940.5,32.89777778,1.12927037,73.34166667,163.3073583
B6#3,128,127.5,3444.5,33.12888889,14.06318148,63.10666667,13.66173333
B6#3,129,114,242,33.64444444,3.49347037,56.02833333,32.89780833
B6#3,130,97.5,3120.5,33.94111111,2.857525926,57.44333333,10.54765833
B6#3,131,116,1152,33.38444444,2.558237037,58.63,1.1947
B6#3,132,116.5,1012.5,32.83777778,3.079292593,57.79333333,22.29223333
B6#3,133,4,2,33.01333333,1.564344444,60.70666667,7.108558333
B6#3,134,47.5,612.5,35.35333333,1.3324,62.09833333,2.554408333
B6#3,135,47,128,34.62444444,4.409437037,57.93,10.9767
B6#3,136,118.5,144.5,34.74555556,0.164025926,51.64333333,49.39083333
B6#3,137,73.5,7320.5,33.85444444,14.7200037,47.69166667,15.43293333
B6#3,138,92.5,2964.5,33.88444444,1.010825926,54.96,45.8508
B6#3,139,78,8,34.96777778,0.415748148,55.03,22.633975
B6#4,119,164,450,31.17777778,0.941114815,61.00166667,110.3944333
B6#4,120,94,12168,31.35333333,9.263644444,55.56,0.0628
B6#4,121,125,1352,32.4,1.071244444,54.815,0.848575
B6#4,122,86,2312,30.83666667,4.591077778,60.35,2.020525
B6#4,123,84,6728,32.94333333,0.148344444,61.44666667,29.51835833
B6#4,124,15.5,12.5,32.55111111,6.462025926,63.595,28.035525
B6#4,125,66,288,33.11777778,1.11847037,66.19666667,18.40030833
B6#4,126,108,4608,32.41,4.524144444,59.68166667,42.28895833
B6#4,127,43,0,31.46,1.867433333,62.575,112.478275
B6#4,128,160,722,31.77777778,7.700781481,65.69833333,2.052758333
B6#4,129,141.5,180.5,33.52666667,3.958011111,55.78666667,3.024233333
B6#4,130,60,1058,32.88888889,1.663492593,55.11833333,67.07690833
B6#4,131,169.5,180.5,32.89222222,0.621159259,55.64833333,0.982258333
B6#4,132,49.5,312.5,31.87444444,0.551159259,63.35833333,18.93643333
B6#4,133,31.5,364.5,32.49333333,4.668933333,60.54166667,6.910058333
B6#4,134,103.5,612.5,32.60888889,0.793437037,65.21833333,51.70423333
B6#4,135,45.5,760.5,33.21,3.340633333,63.37166667,12.54043333
B6#4,136,39.5,112.5,32.39333333,1.152233333,51.51333333,55.22865833
B6#4,137,87,5000,32.34,13.52337778,50.39833333,41.16700833
B6#4,138,112.5,1200.5,33.00666667,1.004033333,58.76333333,110.8449083
BL3-1-17,137,100.5,40.5,33.20444444,2.979225926,70.71333333,27.12265833
BL3-1-17,138,161.5,180.5,33.19666667,11.27417778,53.60666667,21.19805833
BL3-1-17,139,80,2178,34.86666667,20.59901111,51.29833333,31.41010833
BL3-1-17,140,30,162,33.15111111,17.51152593,50.03166667,52.79395833
BL3-1-17,141,127,392,33.94555556,21.67235926,49.62166667,46.91223333
BL3-1-17,142,62,1352,36.36,32.84454444,52.62,105.241825
BL3-1-17,143,102,98,35.23666667,2.950277778,48.65833333,17.43960833
BL3-1-17,144,109,648,33.50333333,0.774144444,57.23333333,90.09225833
BL3-1-17,145,89,15842,32.49111111,27.4748037,54.205,24.221925
BL3-1-17,146,132,2048,32.60111111,46.7750037,55.88666667,20.50625833
BL3-1-17,147,60.5,3960.5,33.76111111,27.31093704,49.20333333,41.51923333
BL3-1-17,148,123.5,1624.5,35.59,8.794011111,52.42,3.511675
BL3-1-17,149,30,392,34.18777778,9.347048148,56.46333333,16.72340833
BL3-1-17,150,98,5832,33.68333333,14.38621111,51.86833333,18.36465833
BL3-1-17,151,83,6498,33.76222222,15.52984815,57.72333333,9.282308333
BL3-1-17,152,130.5,544.5,34.58,6.718611111,53.705,10.5529
BL3-1-17,153,18,2,35.00222222,5.133025926,52.25166667,65.09110833
BL3-1-17,154,34.5,1740.5,33.94333333,10.9093,53.865,186.8841
BL3-1-17,155,21.5,144.5,35.09555556,4.185248148,53.995,7.340725
BL3-1-17,156,126,98,34.43333333,4.559077778,62.955,3.697225
BL3-1-17,157,96.5,1404.5,34.45888889,1.026959259,56.015,10.664325
BL3-1-17,158,17.5,40.5,36.56555556,5.002225926,54.04,56.795275
BL3-1-17,159,90.5,924.5,35.14,7.400544444,57.375,0.1323
BL3-1-17,160,140.5,612.5,33.55222222,3.119381481,67.55333333,100.9268083
BL3-1-17,161,166.5,312.5,31.86444444,15.76707037,65.58833333,40.48643333
BL3-1-17,162,73,32,35.47666667,6.596011111,66.755,28.780725
DO1-1-16,95,6,72,36.69777778,0.062681481,41.06833333,0.869408333
DO1-1-16,96,17.5,544.5,35.80111111,1.398492593,38.84833333,1.932633333
DO1-1-16,97,18,512,36.58666667,0.018977778,37.59333333,0.719658333
DO1-1-16,98,24.5,1200.5,37.03,0.096533333,38.29666667,0.546633333
DO1-1-16,99,11,242,37.16888889,0.016359259,39.81666667,0.476233333
DO1-1-16,100,5.5,12.5,36.55777778,1.309137037,41.175,0.0243
DO1-1-16,101,8.5,112.5,35.41333333,1.883211111,38.365,7.200175
DO1-1-16,102,3.5,4.5,34.64777778,0.053781481,36.72666667,0.302508333
DO1-1-16,103,26,1152,34.66555556,0.019625926,36.445,2.769325
DO1-1-16,104,8,128,34.06222222,2.400092593,37.53666667,0.970808333
DO1-1-16,105,24,1152,35.11888889,0.009603704,38.26666667,0.330008333
DO1-1-16,106,21.5,924.5,35.37,0.040833333,38.265,0.174325
DO1-1-16,107,54.5,5940.5,35.55777778,0.062592593,38.00666667,0.099008333
DO1-1-16,108,15,392,36.22666667,0.265644444,35.895,0.222775
DO1-1-16,109,9.5,112.5,36.30777778,0.009603704,35.90166667,0.987258333
DO1-2-16,104,8,128,34.06222222,2.400092593,37.53666667,0.970808333
DO1-2-16,105,24,1152,35.11888889,0.009603704,38.26666667,0.330008333
DO1-2-16,106,21.5,924.5,35.37,0.040833333,38.265,0.174325
DO1-2-16,107,54.5,5940.5,35.55777778,0.062592593,38.00666667,0.099008333
DO1-2-16,108,15,392,36.22666667,0.265644444,35.895,0.222775
DO1-2-16,109,9.5,112.5,36.30777778,0.009603704,35.90166667,0.987258333
DO1-2-16,110,8,128,35.57,0.318233333,38.365,4.2613
DO1-2-16,111,12.5,220.5,34.99222222,0.543381481,39.01166667,0.392408333
DO1-2-16,112,63.5,2380.5,36.11,0.495511111,37.27666667,0.972158333
DO1-2-16,113,14,392,36.61444444,0.016359259,36.08833333,0.176458333
DO1-2-16,114,1,2,36.44222222,0.019737037,36.08333333,0.025208333
DO1-2-16,115,32,0,35.59777778,1.889248148,36.53833333,1.243058333
DO1-2-16,116,10,128,36.35555556,0.006225926,37.35833333,0.026133333
DO1-2-16,117,3.5,24.5,35.80666667,0.3888,39.515,0.167425
DO1-2-16,118,0.5,0.5,36.32333333,0.004744444,39.05666667,0.024808333
DO1-2-16,119,12,128,35.39,1.672211111,38.25833333,0.461608333
DO1-2-16,120,11,242,36.38111111,0.003792593,37.825,0.075625
DO1-2-16,121,2,0,36.51555556,0.016359259,37.73666667,0.024758333
DO1-2-16,122,14,288,36.76888889,0.055837037,37.54,4.539175
DO1-2-16,123,42.5,3444.5,36.95666667,0.011377778,39.1,0.3241
DO1-2-16,124,96.5,544.5,34.95,2.104044444,56.125,170.449075
DO1-2-16,125,86.5,8320.5,33.66333333,8.346944444,48.52333333,47.98375833
IN3-1-17,146,105,162,34.86777778,6.244914815,46.60833333,20.24723333
IN3-1-17,147,158,200,33.72444444,10.84729259,45.25166667,11.99520833
IN3-1-17,148,168,8,32.95444444,19.47779259,47.25666667,2.087108333
IN3-1-17,149,50,3042,34.50444444,15.14215926,45.47333333,11.51985833
IN3-1-17,150,82.5,5940.5,33.59222222,10.86893704,43.9,9.923725
IN3-1-17,151,148,512,35.20777778,7.435781481,47.505,8.255325
IN3-1-17,152,123.5,4.5,35.02444444,3.663125926,46.81,4.576675
IN3-1-17,153,62,2888,35.23777778,24.25717037,43.315,126.858025
IN3-1-17,154,64.5,1300.5,32.91666667,5.237033333,38.30333333,16.43415833
IN3-1-17,155,59,2888,34.05222222,4.755925926,46.635,7.351675
IN3-1-17,156,104.5,2112.5,32.91888889,1.194948148,53.20166667,2.439033333
IN3-1-17,157,97,648,31.58444444,11.87171481,47.05666667,62.26950833
IN3-1-17,158,119,4232,33.79555556,11.51791481,46.85833333,22.53305833
IN3-1-17,159,166,98,34.02666667,5.260844444,48.475,1.3027
IN3-1-17,160,59.5,6160.5,33.31111111,1.72327037,62.765,31.714275
IN3-1-17,161,100.5,6612.5,32.08777778,6.028581481,59.85333333,8.541758333
IN3-1-17,162,129,98,34.00111111,4.89107037,62.13833333,42.28975833
IN3-1-17,163,42.5,1300.5,34.28555556,3.518225926,53.635,3.7396
IN3-1-17,164,59,4232,34.10444444,0.614414815,60.415,56.781475
IN3-1-17,165,114.5,180.5,36.00555556,9.458848148,62.61833333,18.07863333
MD1-2-16,109,9.5,112.5,36.30777778,0.009603704,35.90166667,0.987258333
MD1-2-16,110,8,128,35.57,0.318233333,38.365,4.2613
MD1-2-16,111,12.5,220.5,34.99222222,0.543381481,39.01166667,0.392408333
MD1-2-16,112,63.5,2380.5,36.11,0.495511111,37.27666667,0.972158333
MD1-2-16,113,14,392,36.61444444,0.016359259,36.08833333,0.176458333
MD1-2-16,114,1,2,36.44222222,0.019737037,36.08333333,0.025208333
MD1-2-16,115,32,0,35.59777778,1.889248148,36.53833333,1.243058333
MD1-2-16,116,10,128,36.35555556,0.006225926,37.35833333,0.026133333
MD1-2-16,117,3.5,24.5,35.80666667,0.3888,39.515,0.167425
MD1-2-16,118,0.5,0.5,36.32333333,0.004744444,39.05666667,0.024808333
MD1-2-16,119,12,128,35.39,1.672211111,38.25833333,0.461608333
MD1-2-16,120,11,242,36.38111111,0.003792593,37.825,0.075625
MD1-2-16,121,2,0,36.51555556,0.016359259,37.73666667,0.024758333
MD2-1-14,168,17.5,612.5,34.45222222,0.165603704,33.175,0.400075
MD2-1-14,169,18.5,480.5,33.75777778,1.524625926,32.89833333,0.325908333
MD2-1-14,170,22.5,0.5,32.34333333,15.36803333,33.3,4.073125
MD2-1-14,171,11.5,112.5,33.81333333,1.358077778,32.36666667,4.723633333
MD2-1-14,172,21,128,32.72333333,9.038033333,32.55333333,1.677358333
MD2-1-14,173,20,0,34.67777778,0.026914815,32.27166667,1.288233333
MD2-1-14,174,1,2,33.99333333,3.144544444,33.40666667,1.008033333
MD2-1-14,175,1.5,0.5,34.54333333,0.3888,34.61333333,0.489558333
MD2-1-14,176,1.5,0.5,34.12777778,2.097403704,34.70666667,0.026133333
MD2-1-14,177,1,0,34.99444444,0.022048148,34.245,0
MD2-1-14,178,13.5,144.5,33.81666667,1.339144444,33.59166667,0.723358333
MD2-1-14,179,2.5,4.5,34.35666667,0.404344444,34.24333333,0.077008333
MD2-1-14,180,32,162,34.53666667,0.025011111,33.85666667,0.323158333
MD2-1-14,181,28,1458,34.30333333,0.635511111,33.58666667,0.429408333
MD2-1-14,182,16,338,33.18555556,8.05447037,36.34833333,10.33643333
MD2-1-14,183,16.5,112.5,34.55444444,0.325403704,35.62333333,2.123008333
MD2-1-14,184,1,0,33.19555556,8.43797037,38.72166667,10.48395833
MD2-1-14,185,4.5,0.5,35.10444444,0.047181481,37.005,0.3025
MD2-1-14,186,24.5,1200.5,33.52,5.840833333,39.515,11.814175
MD2-1-14,187,26.5,1104.5,35.09444444,0.134781481,37.46,1.9012
MD2-1-16,149,59.5,5304.5,33.38,2.438677778,52.53666667,8.208433333
MD2-1-16,150,93,8978,32.75666667,13.92003333,49.92166667,10.16515833
MD2-1-16,151,134,2,30.67333333,11.31534444,57.365,30.818125
MD2-1-16,152,154,0,34.72666667,4.926144444,53.535,14.1663
MD2-1-16,153,133,2738,33.83444444,1.673225926,52.925,0.599275
MD2-1-16,154,111.5,3960.5,34.72777778,5.630803704,50.69833333,21.02413333
MD2-1-16,155,32,2,34.06666667,11.07924444,47.095,0.293425
MD2-1-16,156,143.5,40.5,34.63333333,4.6837,50.77,7.243075
MD2-1-16,157,148,968,34.63333333,4.871644444,53.83333333,5.760233333
MD2-1-16,158,98.5,3120.5,33.73444444,9.33947037,54.165,0.263325
MD2-1-16,159,120,4232,34.17555556,3.310859259,54.58333333,1.040608333
MD2-1-16,160,40.5,420.5,35.23,0.433077778,51.39333333,0.020858333
MD2-1-16,161,116,50,35.42777778,6.779603704,48.475,5.686275
MD2-1-16,162,86,18,34.13,1.976677778,49.08666667,0.820808333
MD2-1-16,163,56,450,35.82222222,6.297848148,53.54833333,0.235433333
MD2-1-16,164,78.5,924.5,34.47777778,4.806825926,47.20666667,1.455608333
MD2-1-16,165,85.5,6384.5,34.88555556,5.256381481,46.81166667,10.75163333
MD2-1-16,166,98.5,840.5,34.38111111,0.99107037,47.60666667,0.099033333
MD2-1-16,167,146.5,840.5,34.63,3.2367,43.38333333,7.705233333
MD2-1-16,168,90,7938,34.36666667,1.8508,46.36166667,6.210258333
MD2-1-16,169,46.5,24.5,35.09777778,1.387125926,43.37833333,11.70175833
MD2-1-16,170,108,4418,35.01,1.690711111,44.09,4.6503
MD2-1-16,171,67.5,1104.5,34.98444444,5.309581481,56.57833333,6.728808333
MD2-1-16,172,128,4608,34.23333333,5.382344444,52.77166667,3.555758333
MD2-1-16,173,86.5,8844.5,34.18444444,9.949525926,53.165,6.476925
MD2-1-16,174,166,0,34.81888889,5.478781481,52.73666667,5.535208333
MD2-2-14,168,17.5,612.5,34.45222222,0.165603704,33.175,0.400075
MD2-2-14,169,18.5,480.5,33.75777778,1.524625926,32.89833333,0.325908333
MD2-2-14,170,22.5,0.5,32.34333333,15.36803333,33.3,4.073125
MD2-2-14,171,11.5,112.5,33.81333333,1.358077778,32.36666667,4.723633333
MD2-2-14,172,21,128,32.72333333,9.038033333,32.55333333,1.677358333
MD2-2-14,173,20,0,34.67777778,0.026914815,32.27166667,1.288233333
MD2-2-14,174,1,2,33.99333333,3.144544444,33.40666667,1.008033333
MD2-2-14,175,1.5,0.5,34.54333333,0.3888,34.61333333,0.489558333
MD2-2-14,176,1.5,0.5,34.12777778,2.097403704,34.70666667,0.026133333
MD2-2-14,177,1,0,34.99444444,0.022048148,34.245,0
MD2-2-14,178,13.5,144.5,33.81666667,1.339144444,33.59166667,0.723358333
MD2-2-14,179,2.5,4.5,34.35666667,0.404344444,34.24333333,0.077008333
MD2-2-14,180,32,162,34.53666667,0.025011111,33.85666667,0.323158333
MD2-2-14,181,28,1458,34.30333333,0.635511111,33.58666667,0.429408333
MD2-2-14,182,16,338,33.18555556,8.05447037,36.34833333,10.33643333
MD2-2-14,183,16.5,112.5,34.55444444,0.325403704,35.62333333,2.123008333
MD2-2-14,184,1,0,33.19555556,8.43797037,38.72166667,10.48395833
MD2-2-14,185,4.5,0.5,35.10444444,0.047181481,37.005,0.3025
MD2-2-14,186,24.5,1200.5,33.52,5.840833333,39.515,11.814175
MD2-2-14,187,26.5,1104.5,35.09444444,0.134781481,37.46,1.9012
MD2-2-16,149,26,392,36.34,0.325877778,40.44666667,0.401558333
MD2-2-16,150,3.5,4.5,36.46444444,0.191559259,38.91666667,0.893808333
MD2-2-16,151,28,1568,36.53333333,0.003144444,38.18833333,0.401508333
MD2-2-16,152,37.5,2520.5,36.46555556,0.167881481,38.81166667,1.203333333
MD2-2-16,153,8.5,12.5,36.73888889,0.009603704,40.815,0.299775
MD2-2-16,154,27.5,1300.5,36.55888889,0.000948148,38.52666667,8.988808333
MD2-2-16,155,5.5,60.5,36.47,0.045877778,36.72666667,3.33E-05
MD2-2-16,156,5.5,40.5,36.46222222,0.19807037,37.735,1.223325
MD2-2-16,157,18,578,36.53888889,0.774914815,40.545,2.710825
MD2-2-16,158,0.5,0.5,37.18777778,0.007892593,41.79833333,0.885208333
MD2-2-16,159,31.5,480.5,37.27111111,0.032603704,39.80666667,5.290233333
MD2-2-16,160,9.5,84.5,37,0.282133333,38.08666667,2.293858333
MD2-2-16,161,25,8,37.19,0.003144444,39.08333333,2.452608333
MD2-2-16,162,20.5,264.5,37.16444444,0.009137037,41.53333333,1.167433333
MD2-2-16,163,24,578,37.05,0.012033333,40.35333333,1.278958333
MD2-2-16,164,40,1682,36.52777778,0.427437037,40.88166667,2.165208333
MD2-2-16,165,49.5,480.5,36.94888889,0.003025926,42.77666667,0.316808333
MD2-2-16,166,8,32,36.96444444,0.006225926,41.70666667,0.744808333
MD2-2-16,167,22.5,924.5,36.78444444,0.026914815,41.15,0.166225
MD2-2-16,168,4.5,40.5,36.21444444,0.340403704,40.60833333,0.026358333
MD2-2-16,169,13.5,364.5,35.86222222,0.032181481,40.00333333,0.078433333
MD2-2-16,170,16.5,180.5,36.00888889,0.020992593,40.71,0.383475
MD2-2-16,171,8.5,144.5,36.51,0.591211111,37.79166667,8.316758333
MD2-2-16,172,1.5,0.5,36.72555556,0.354225926,34.23666667,2.083333333
MD2-2-16,173,31,450,37.20444444,0.006403704,35.89833333,2.351258333
MD2-2-16,174,7.5,40.5,36.56888889,0.30767037,39.89833333,6.570133333
MD2-2-16,175,170.5,144.5,36.12111111,2.341292593,50.75166667,118.4359083
MD2-2-16,176,107,1800,32.12222222,1.405614815,57.83666667,143.8353083
N1-1-15,96,61.5,7320.5,31.23222222,4.500325926,46.365,48.7483
N1-1-15,97,18.5,312.5,31.00777778,6.44677037,44.17833333,38.63455833
N1-1-15,98,109.5,9660.5,32.62111111,4.023714815,36.26,15.825475
N1-1-15,99,101,3872,33.32555556,3.789625926,35.33833333,7.164358333
N1-1-15,100,63.5,420.5,31.32222222,3.06357037,27.33166667,40.53150833
N1-1-15,101,88,9800,32.83333333,2.182933333,29.265,41.821075
N1-1-15,102,113,128,31.65222222,1.358159259,27.33833333,36.17013333
N1-1-15,103,128,3042,33.03333333,3.724411111,27.24166667,5.978308333
N1-1-15,104,65.5,1200.5,31.16444444,0.624692593,34.87666667,116.3911583
N1-1-15,105,85.5,1200.5,31.63,4.157077778,36.41,10.149025
N1-1-15,106,60,50,33.07333333,4.3543,33.56833333,17.34840833
N1-1-15,107,93.5,760.5,32.54888889,4.123214815,33.99333333,40.75610833
N1-1-15,108,142,1800,32.23555556,1.370059259,43.10333333,81.30865833
N2-1-16,111,102,3528,33.14333333,3.025644444,41.05,5.3868
N2-1-16,112,125.5,1740.5,32.37666667,18.43187778,40.415,19.8841
N2-1-16,113,75,722,32.70555556,1.000137037,43.96333333,21.51325833
N2-1-16,114,30.5,84.5,29.84111111,0.325914815,57.29666667,152.0809333
N2-1-16,115,93,392,29.53222222,8.777514815,58.84666667,7.187158333
N2-1-16,116,169,98,31.13444444,4.290048148,61.13333333,19.17625833
N2-1-16,117,95.5,13284.5,32.24888889,1.207625926,57.46666667,2.106533333
N2-1-16,118,54,50,32.25444444,2.287848148,49.66666667,3.676858333
N2-1-16,119,96,5000,32.12111111,0.525714815,49.92666667,27.87930833
N2-1-16,120,117,2450,32.72333333,2.445433333,49.47666667,13.35430833
N2-1-16,121,146.5,2112.5,33.52666667,1.308577778,46.385,8.125225
N2-1-16,122,63.5,12.5,33.45888889,5.404781481,50.80666667,2.332658333
N2-1-16,123,67,162,34.55111111,5.35127037,43.97166667,5.266908333
N2-1-16,124,14.5,220.5,35.42444444,5.554803704,47.23333333,0.598433333
N2-1-16,125,103.5,9112.5,33.28111111,3.553614815,41.935,14.219275
N2-1-16,126,122.5,2244.5,32.67111111,0.471481481,45.92,46.377075
N2-1-16,127,69,200,33.65444444,0.152403704,46.205,30.9567
N2-1-16,128,18.5,144.5,34.67777778,5.849292593,46.65833333,42.02240833
N2-1-16,129,45,1152,33.01555556,7.042503704,47.79333333,86.54023333
N2-1-16,130,90.5,760.5,31.78444444,8.266003704,48.735,45.961075
N2-1-16,131,43.5,3612.5,31.45444444,2.695959259,45.21333333,69.82123333
N2-3-14,130,80,2178,31.10777778,6.342025926,42.30166667,59.85910833
N4-1-15,140,56,800,30.45111111,7.522225926,37.705,49.2457
N4-1-15,141,105,722,32.91333333,5.151511111,35.84833333,77.37455833
N4-1-15,142,154,8,33.43777778,6.462603704,39.47166667,150.1286333
N4-1-15,143,108,3528,32.71,11.42034444,41.12166667,55.32875833
N4-1-15,144,78,722,33.62,7.243244444,45.38,6.187675
N4-1-15,145,46,648,30.63222222,15.42584815,46.33333333,123.7249333
N4-1-15,146,156,512,29.86888889,37.99068148,53.72833333,5.688758333
N4-1-15,147,33.5,684.5,34.29666667,4.239433333,56.725,180.127675
N4-1-15,148,110,3362,32.97,1.505077778,59.045,54.044425
N4-1-15,149,152.5,760.5,33.69888889,1.230114815,52.18,129.592825
N4-1-15,150,102,10368,32.71333333,5.7792,69.45,11.4229
N4-1-15,151,86.5,684.5,34.64444444,5.70107037,55.00333333,24.03950833
N4-1-15,152,136,2048,32.57888889,8.801848148,50.045,72.081925
N4-1-15,153,109,5000,32.20111111,7.018425926,68.195,18.506475
N4-1-15,154,107.5,1860.5,25.90111111,50.87814815,68.39333333,47.64140833
N4-1-15,155,137,800,34.87444444,0.53927037,53.275,159.075775
N4-1-15,156,68,392,34.24444444,8.285614815,51.51833333,18.02555833
N4-1-15,157,120,4608,34.66444444,11.77138148,49.61666667,20.55255833
N4-1-15,158,64.5,1012.5,29.84333333,70.14934444,51.17166667,190.6145583
N4-2-15,140,145,288,32.94777778,3.049348148,34.04166667,6.743958333
N4-2-15,141,42,1352,34.25,5.882177778,32.60166667,8.195808333
N4-2-15,142,98,512,33.04666667,20.14654444,35.89,60.7747
N4-2-15,143,121,4232,33.66888889,8.441303704,35.91,19.936075
N4-2-15,144,26,242,33.82777778,3.192548148,39.45,77.3173
N4-2-15,145,98.5,4140.5,33.57111111,6.905492593,36.15833333,31.09180833
N4-2-15,146,84,10082,33.37555556,5.044514815,51.20166667,0.912058333
N4-2-15,147,16.5,264.5,33.90777778,2.234859259,45.70833333,6.033033333
N4-2-15,148,76.5,7812.5,33.66888889,0.765825926,43.79,0.826875
N4-2-15,149,118.5,1512.5,33.08888889,3.388959259,44.885,51.5431
N4-2-15,150,17.5,0.5,33.55333333,0.495811111,48.115,14.886325
N4-2-15,151,36.5,312.5,33.11777778,14.59691481,44.765,57.265075
N4-2-15,152,118.5,0.5,33.65444444,6.22427037,42.07,0.600775
N4-2-15,153,59,72,30.89555556,2.426714815,46.72166667,69.33213333
N4-2-15,154,55,392,32.52111111,0.821337037,57.395,14.708575
N4-2-15,155,112.5,2664.5,32.81,4.6741,50.71833333,43.33895833
N4-2-15,156,22,722,34.95444444,2.546503704,46.60333333,12.57310833
N4-2-15,157,134.5,2664.5,34.09444444,4.773392593,46.29833333,3.076758333
N4-2-15,158,140,578,34.45444444,9.953581481,47.03833333,39.03315833
N4-2-15,159,73,7442,34.41777778,32.0569037,53.12666667,24.14003333
PS2-1-16,138,0,0,36.98888889,0.009603704,36.41166667,0.530758333
PS2-1-16,139,11,242,36.83,0.033211111,39.77833333,7.813508333
PS2-1-16,140,97.5,1404.5,36.63777778,0.00907037,42.49333333,1.659758333
PS2-1-16,141,18,578,36.17888889,0.296625926,41.14166667,0.173808333
PS2-1-16,142,13.5,12.5,36.52888889,0.033514815,41.62166667,0.511658333
PS2-1-16,143,32,1568,36.39333333,0.019911111,40.44166667,2.218508333
PS2-1-16,144,38.5,2964.5,36.25444444,0.02667037,39.46,0.5349
PS2-1-16,145,74,10952,35.83333333,0.567811111,39.71333333,0.519808333
PS2-1-16,146,27.5,144.5,36.38333333,0.0307,40.005,0.522525
PS2-1-16,147,69.5,2112.5,36.86555556,0.120192593,40.61333333,2.510533333
PS2-1-16,148,17,18,36.95666667,0.008533333,41.44333333,0.024758333
PS2-1-16,149,26,392,36.34,0.325877778,40.44666667,0.401558333
PS2-2-16,141,75.5,144.5,31.07777778,13.00473704,54.50166667,110.4934083
PS2-2-16,142,82.5,1740.5,30.56666667,2.194477778,61.955,0.363025
PS2-2-16,143,93,3042,29.89333333,5.363211111,74.29333333,60.84950833
PS2-2-16,144,70.5,4900.5,31.15222222,0.174137037,63.9,30.6871
PS2-2-16,145,71.5,9112.5,32.68888889,3.113403704,58.04666667,20.19540833
PS2-2-16,146,116.5,924.5,33.72333333,5.105677778,52.31833333,1.035408333
PS2-2-16,147,133,18,33.80777778,2.640114815,57.73333333,65.28285833
PS2-2-16,148,153.5,1104.5,33.39,6.497744444,57.725,3.2779
PS2-2-16,149,84,128,33.48777778,5.176937037,58.77,108.9223
PS2-2-16,150,32,578,33.73555556,5.390159259,51.805,17.8729
PS2-2-16,151,67,6962,32.13888889,1.025359259,52.52833333,25.83380833
PS2-2-16,152,69,882,34.94555556,5.938559259,50.675,9.652675
PS2-2-16,153,37,0,35.21222222,0.856937037,52.95833333,14.09083333
PS2-2-16,154,45.5,1012.5,34.19888889,5.085437037,51.86333333,0.562858333
PS2-2-16,155,45.5,2244.5,34.48888889,9.101437037,51.57833333,27.64260833
PS2-2-16,156,104,2,35.28888889,1.269825926,52.32333333,20.39380833
PS2-2-16,157,82.5,1512.5,35.40777778,5.095048148,50.415,2.196675
PS2-2-16,158,77,32,34.79555556,6.915603704,53.23666667,21.17400833
PS2-2-19,142,152,1058,33.38,9.391544444,57.44,0.875475
PS2-2-19,143,141,1568,33.56444444,1.90007037,50.99666667,25.27665833
PS2-2-19,144,103.5,1624.5,32.80222222,0.518892593,45.34833333,24.86675833
PS2-2-19,145,22,288,33.57777778,0.088414815,52.31333333,0.217358333
PS2-2-19,146,72,578,33.94666667,1.637644444,51.43166667,40.70305833
PS2-2-19,147,31.5,180.5,33.93333333,2.515877778,48.27333333,40.97935833
PS2-2-19,148,92.5,5512.5,34.11222222,3.72047037,46.46333333,78.40840833
PS2-2-19,149,120,5832,34.66,6.930277778,50.09666667,3.966658333
PS2-2-19,150,126.5,3120.5,34.34333333,2.018433333,50.285,48.333025
PS2-2-19,151,51.5,2380.5,33.38888889,5.378781481,51.14,0.671925
PS2-2-19,152,75.5,3280.5,34.90666667,8.266844444,49.35,65.084275
PS2-2-19,153,66.5,544.5,35.01555556,3.006114815,44.09166667,11.94925833
PS2-2-19,154,115,8450,34.70555556,16.0849037,43.30166667,2.842158333
PS2-2-19,155,80.5,10804.5,34.53444444,4.222337037,43.73,29.0101
PS2-2-19,156,41,1682,35.28333333,1.203077778,45.815,1.3584
PS2-2-19,157,130.5,2964.5,35.1,0.331744444,47.73,23.829925
PS2-2-19,158,38.5,544.5,33.77333333,0.315811111,58.98333333,19.01235833
PS3-2-15,183,111.5,1860.5,33.25,20.19391111,52.35333333,27.24843333
PS3-2-15,184,82.5,6384.5,37.73444444,40.31215926,49.98833333,156.0903083
PS3-2-15,185,83,3042,33.41888889,7.053581481,53.38666667,10.71535833
PS3-2-15,186,155.5,60.5,34.41333333,11.75867778,50.86,12.0429
PS3-2-15,187,67.5,40.5,33.57333333,22.2148,41.57333333,6.837008333
PS3-2-15,188,106.5,9660.5,32.71888889,13.06401481,47.84333333,15.97903333
PS3-2-15,189,151,8,38.49888889,43.98771481,40.64666667,149.0736583
PS3-2-15,190,102.5,2244.5,34.67111111,5.004814815,43.72833333,7.828858333
PS3-2-15,191,93,13778,36.12555556,2.132292593,51.67666667,23.70263333
PS3-2-15,192,100.5,9660.5,30.85444444,117.7226815,46.93166667,195.5141583
PS3-2-15,193,94,3528,33.91666667,2.143244444,63.88,430.044825
PS3-2-15,194,114.5,8580.5,31.98333333,55.28351111,61.75166667,43.55755833
PS3-2-15,195,23,968,35.75777778,82.12249259,53.94666667,392.8166083
R23#1,130,56,6272,37.06333333,0,59.93166667,0.138433333
R23#1,131,57,6498,37.02777778,0.003792593,58.87833333,2.412033333
R23#1,132,87.5,1300.5,37.12666667,0.012033333,59.61,0.316875
R23#1,133,31.5,1984.5,37.10888889,0.006225926,60.42166667,0.136008333
R23#1,134,56,6272,37.02777778,0.003792593,58.22,6.525225
R23#1,135,56.5,6160.5,37.06333333,0,59.93666667,0.078408333
R23#1,136,57.5,6384.5,37.09111111,0.002314815,59.93833333,0.136408333
R23#1,137,86.5,5512.5,37.03777778,0.000714815,59.67833333,8.483508333
R23#1,138,56,6050,37.10333333,0.012033333,63.05833333,2.384308333
R23#2,130,35.5,112.5,37.35444444,0.003792593,62.27333333,0.985658333
R23#2,131,103,8,37.33666667,0.002844444,61.315,0.0192
R23#2,132,90,0,37.4,0.004744444,61.795,0.3648
R23#2,133,122,1922,37.31888889,0.003792593,62.67333333,0.170408333
R23#2,134,58.5,5512.5,37.33666667,0.002844444,62.515,0.0192
R23#2,135,1.5,4.5,37.31888889,0.063003704,62.83166667,1.721308333
R23#2,136,15.5,84.5,37.05,0.382744444,62.83166667,0.472033333
R23#2,137,80.5,684.5,37.39,0.002844444,62.83333333,0.812058333
R23#2,138,117.5,2380.5,37.31888889,0.003792593,62.115,0.3072
R23#2,139,139,72,37.31888889,0.000948148,62.19833333,0.399608333
R23#4/3,142,45,392,32.83,13.06617778,61.63,3.7873
R23#4/3,143,22,162,33.91666667,17.66804444,57.29333333,220.9380333
R23#4/3,144,22,162,37.69333333,20.91693333,47.89666667,40.14773333
R23#4/3,145,22,162,34.46555556,30.79342593,45.98666667,38.51423333
R23#4/3,146,22,162,35.85111111,9.442859259,52.68,40.6771
R23#4/3,147,22,162,35.85666667,0.969344444,53.52333333,40.26163333
R23#4/3,148,21,128,33.39888889,13.48069259,61.57666667,31.36333333
R23#4/3,149,21,128,34.65777778,16.39684815,57.82666667,45.49643333
R23#4/3,150,21,128,33.92333333,17.71164444,65.02333333,588.4692333
R23#4/3,151,21,128,34.99777778,2.574159259,52.86,35.2588
R23#4/3,152,21,128,37.05444444,62.19757037,47.33,64.7359
R23#4/3,153,21,128,33.84555556,1.607448148,46.91333333,7.728033333
R23#4/3,154,21,128,34.43222222,27.88389259,54.93666667,2.330033333
R23#4/3,155,40.5,544.5,33.90777778,11.04569259,55.76666667,1.558433333
R23#4/3,156,40.5,544.5,39.73666667,5.015433333,60.30666667,23.19263333
R23#4/3,157,40.5,544.5,36.23222222,15.96091481,51.49,44.3548
R23#4/3,158,39,450,33.24,25.44374444,54.03666667,33.06643333
R23#4/3,159,39.5,480.5,35.76333333,26.19867778,49.15333333,13.20523333
R23#4/3,160,39.5,480.5,34.32444444,4.091159259,61.41,187.5061
R23#4/3,161,39.5,480.5,32.78444444,0.725337037,60.07,59.7571
R30#1,101,29.5,1740.5,37.76777778,0.019737037,55.675,0.0192
R30#1,102,32.5,1860.5,37.75,0.012033333,56.42166667,1.006308333
R30#1,103,32,2048,37.85888889,0.000948148,57.16666667,0.990233333
R30#1,104,31.5,1740.5,37.85888889,0.000948148,57.085,0.970225
R30#1,105,23,338,37.87666667,0,55.01833333,0.580008333
R30#1,106,47,512,37.79555556,0.009603704,55.76833333,0.143758333
R30#1,107,20,722,37.68666667,0,56.43166667,0.265033333
R30#1,108,56.5,60.5,37.81333333,0.003144444,55.60166667,0.430033333
R30#1,109,31,1568,37.82333333,0.002844444,55.35333333,0.252508333
R30#1,110,31,1922,37.81333333,0.012033333,57.415,1.8396
R30#1,111,30,1800,37.84111111,0.003792593,55.43666667,1.503808333
R30#1,112,31,1922,35.82333333,12.00284444,49.415,101.8333
R30#1,113,31.5,1740.5,37.75,0.012033333,54.605,0
R30#1,114,32,1800,37.75,0.012033333,54.18833333,0.020833333
R30#1,115,29.5,1740.5,37.75,0.012033333,54.18833333,0.020833333
R30#1,116,29.5,1740.5,37.77777778,0.00907037,54.43666667,0.648758333
R30#1,117,31.5,1860.5,37.79555556,0.009603704,54.93833333,0.083333333
R30#2,101,84,5408,32.54888889,2.327914815,44.40333333,61.87780833
R30#2,102,118.5,4512.5,31.39777778,0.248637037,39.87166667,5.916508333
R30#2,103,92.5,3612.5,32.09777778,3.323392593,38.36666667,0.302533333
R30#2,104,83,3200,32.52888889,2.55947037,60.97666667,60.79475833
R30#2,105,77,5832,32.47333333,0.003811111,52.15333333,20.02535833
R30#2,106,107.5,4900.5,32.02444444,1.956014815,42.73166667,90.95415833
R30#2,107,72.5,4704.5,32.77888889,0.637937037,49.63333333,41.98413333
R30#2,108,85.5,9940.5,33.31666667,4.834977778,48.15,30.0171
R30#2,109,62.5,3960.5,33.13777778,0.036603704,43.85166667,36.87825833
R30#2,110,29.5,144.5,33.91555556,2.407037037,55.90166667,2.861308333
R30#2,111,120.5,0.5,32.63333333,2.301911111,58.93666667,90.04965833
R30#2,112,49,3362,33.54333333,1.530411111,52.29,5.827575
R30#2,113,111,6728,30.67888889,50.85855926,44.06833333,13.51343333
R30#2,114,118.5,6612.5,29.38888889,1.341359259,42.84666667,19.24663333
R30#2,115,29,648,31.78222222,6.166448148,46.24833333,13.48090833
R30#2,116,119.5,2380.5,30.61777778,10.63743704,50.29,50.579425
R30#2,117,81,3872,32.04777778,4.708825926,45.55833333,24.05940833
R30#2,118,109,5832,32.66666667,1.144011111,43.37666667,38.06203333
R30#2,119,69,1568,33.76,1.586411111,43.335,26.1673
R30#2,120,109,6728,32.41444444,2.82287037,45.6,2.5879
R30#2,121,64,1568,32.07222222,1.671625926,43.47333333,34.72740833
R30#2,122,28.5,0.5,32.90888889,4.88447037,41.07,1.4016
R30#2,123,105.5,1300.5,32.91222222,3.382314815,43.81666667,11.42855833
R30#2,124,58.5,1012.5,33.41888889,0.732937037,47.02333333,71.61885833
R33#2.3,130,35.5,112.5,37.35444444,0.003792593,62.27333333,0.985658333
R33#2.3,131,103,8,37.33666667,0.002844444,61.315,0.0192
R33#2.3,132,90,0,37.4,0.004744444,61.795,0.3648
R33#2.3,133,122,1922,37.31888889,0.003792593,62.67333333,0.170408333
R33#2.3,134,58.5,5512.5,37.33666667,0.002844444,62.515,0.0192
R33#2.3,135,1.5,4.5,37.31888889,0.063003704,62.83166667,1.721308333
R33#2.3,136,15.5,84.5,37.05,0.382744444,62.83166667,0.472033333
R34#1,109,78,12168,37.25333333,0.002844444,54.76,0.272925
R34#1,110,78.5,12324.5,37.11666667,0.011377778,57.40833333,0.019608333
R34#1,111,78.5,12324.5,37.20777778,0.00747037,58.23,0.140475
R34#1,112,78.5,12012.5,37.28888889,0.000948148,57.33166667,0.061258333
R34#1,113,78.5,12012.5,37.28888889,0.000948148,57.08666667,0.242558333
R34#1,114,78.5,12012.5,37.27111111,0.003792593,56.92166667,0.080033333
R34#1,115,78.5,12324.5,37.25333333,0.008533333,55.43333333,0.145833333
R34#1,116,0,0,37.32444444,0.003792593,54.35166667,0.811258333
R34#1,117,78,12168,37.20777778,0.029337037,59.21333333,0.020008333
R34#1,118,78,12168,37.30666667,0.002844444,59.37666667,0.080033333
R34#1,119,78,12168,37.32444444,0.003792593,60.26833333,0.058808333
R34#1,120,78,12168,37.32444444,0.003792593,59.86166667,1.192508333
R34#1,121,78,12168,37.27111111,0.006637037,60.18666667,0.252408333
R34#1,122,125,1922,37.32444444,0.003792593,55.76666667,1.073358333
R34#1,123,125,1800,37.01777778,0.305125926,60.3,18.398575
R34#1,124,77.5,12012.5,37.28888889,0.003792593,58.15666667,0.620258333
R34#1,125,78.5,12012.5,37.25333333,0.002844444,56.01333333,1.077508333
R34#1,126,78.5,12324.5,37.28888889,0.003792593,53.93666667,0.021258333
R34#1,127,78.5,12012.5,37.20777778,0.032181481,52.16166667,1.964358333
R34#1,128,155.5,0.5,37.22555556,0.022581481,51.995,0.671925
R34#1,129,155.5,0.5,37.09888889,0.037048148,48.68166667,34.64600833
R34#1,130,156,0,37.10888889,0.032181481,56.345,0.247525
R34#1,131,156,0,37.22555556,0.022581481,57.335,0
R34#2,109,64.5,0.5,37.92777778,0.009603704,46.01166667,94.45935833
R34#2,110,32.5,2112.5,37.91,0.014877778,53.44,1.089175
R34#2,111,32,2048,37.92777778,0.009603704,55.19666667,1.053558333
R34#2,112,33,2048,37.91,0.014877778,54.71833333,0.142533333
R34#2,113,32,2048,37.91,0.014877778,53.97833333,0.080033333
R34#2,114,32.5,1984.5,37.92777778,0.009603704,54.72166667,0.078408333
R34#2,115,33,2048,37.92777778,0.009603704,55.225,0.081675
R34#2,116,33.5,2112.5,37.92777778,0.009603704,55.55666667,0.058808333
R34#2,117,32.5,1984.5,37.9,0.002844444,56.05833333,0.791408333
R34#2,118,32,2048,37.91,0.014877778,55.56833333,0.058808333
R34#2,119,33,2048,37.91,0.014877778,56.55333333,1.265433333
R34#2,120,32,2048,37.91,0.014877778,56.56166667,0.245033333
R34#2,121,33,2048,37.95555556,0.019737037,56.31666667,0.421408333
R34#2,122,32.5,2112.5,37.91,0.014877778,54.66,3.546775
R34#2,123,33.5,2112.5,37.95555556,0.019737037,54.81833333,4.645608333
R34#2,124,0.5,0.5,37.81111111,0.000948148,55.82666667,1.628033333
R34#2,125,32.5,2112.5,37.91,0.014877778,55.33166667,0.185008333
R34#2,126,32,2048,37.91,0.014877778,55.415,0.579175
R34#2,127,33.5,2112.5,37.95555556,0.019737037,54.16833333,0.145833333
R34#2,128,33,2048,37.95555556,0.019737037,54.00166667,1.020833333
R34#2,129,27,0,37.97333333,0.012033333,53.24833333,0.893758333
R34#2,130,33,2048,37.89222222,0.016359259,54.08333333,0.061258333
R34#2,131,33.5,2244.5,37.69444444,0.016359259,55.41666667,0.080033333
R34#2,132,33,2178,37.64888889,0.062592593,54.75333333,0.647508333
R34#2,133,66,0,37.84666667,0.002844444,55,2.1292
R34#2,134,66,0,37.67666667,0.012033333,54.58833333,0.062508333
R34#3,137,55,3042,35.25777778,1.32287037,59.78666667,20.61213333
R34#3,138,94.5,9112.5,32.36666667,1.906811111,58.42166667,56.43010833
R34#3,139,68.5,3960.5,33.49777778,0.868914815,60.12833333,33.17935833
R34#3,140,135,3042,32.93333333,3.798411111,52.595,7.832775
R34#3,141,104.5,10224.5,32.23555556,0.608937037,57.35166667,21.31950833
R34#3,142,96,2450,31.65,4.994144444,48.91833333,28.64543333
R34#3,143,56.5,1624.5,32.01888889,4.635448148,44.095,6.202975
R34#3,144,69,72,33.57555556,0.063748148,51.57333333,43.00615833
R34#3,145,65.5,6384.5,33.32888889,1.359303704,49.50666667,30.45910833
R34#3,146,98,5832,34.41,0.9247,50.79166667,21.84725833
R34#3,147,100.5,4.5,33.58,2.902977778,55.11333333,0.042858333
R34#3,148,87,4232,32.92,12.92973333,50.97,0.548275
R34#3,149,106,128,33.70222222,1.366603704,53.385,11.1747
R34#3,150,101.5,180.5,33.98666667,0.660077778,53.62166667,4.466633333
R34#3,151,106.5,6160.5,34.12888889,1.323337037,54.13,25.446925
R34#3,152,127.5,3280.5,34.22777778,2.423559259,58.45833333,15.53835833
R34#3,153,66.5,144.5,33.44222222,0.008492593,60.25,17.036575
R34#3,154,144,8,32.38222222,0.878448148,51.525,12.663775
R34#4,137,147,98,27.23333333,64.50441111,70.32166667,301.6123583
R34#4,138,94,8978,33.72111111,1.102114815,75.9,73.0276
R34#4,139,80,2178,32.66777778,26.38004815,73.055,130.218325
R34#4,140,44,200,31.91555556,11.04084815,58.45666667,27.72125833
R34#4,141,100,6272,30.53333333,2.202744444,76.15166667,120.8482333
R34#4,142,86,1922,32.74222222,8.017437037,59.715,66.2268
R34#4,143,87,8192,32.31444444,14.28863704,54.41166667,71.44485833
R34#4,144,37,0,34.30222222,12.11752593,60.66,3.4417
R34#4,145,77,3042,32.77555556,14.86773704,56.92166667,34.04730833
R34#4,146,147.5,684.5,35.88888889,2.666403704,55.83833333,84.68400833
R34#4,147,62.5,840.5,35.09555556,7.68647037,62.015,45.391675
R34#4,148,92,11250,30.13666667,22.6687,68.72666667,10.87935833
R34#4,149,122.5,12.5,34.49777778,1.081359259,69.7,23.230675
R34#4,150,18,72,31.93777778,25.87958148,71.29666667,62.01760833
R34#4,151,128.5,1624.5,34.72,31.32991111,65.33,77.420025
R34#4,152,59.5,4.5,32.62777778,7.258581481,80.05666667,146.5091083
R34#4,153,94.5,10224.5,28.89,25.01853333,84.76166667,21.76303333
R34#4,154,100,722,31.85222222,5.046203704,79.83,11.701875
R34#4,155,137.5,3612.5,31.07444444,23.13169259,72.55833333,210.6745083
R34#4,156,123.5,364.5,34.81222222,2.123025926,73.80666667,3.364358333
R6#5,133,89,15842,36.94888889,0.73627037,55.43833333,1.499658333
R6#5,134,89,15842,37.44333333,0.002844444,54.855,0.1875
R6#5,135,89,15842,37.44333333,0.002844444,56.01666667,0.389608333
R6#5,136,79,12482,37.20777778,0.027748148,58.14666667,5.903858333
R6#5,137,177,0,37.13444444,0.003792593,59.94333333,0.548058333
R6#5,138,177,0,37.11666667,0.002844444,59.94166667,2.358533333
R6#5,139,176,0,37.04555556,0.000948148,58.24,1.220925
R6#5,140,177,0,37.01,0.002844444,56.42333333,4.108433333
R6#5,141,178,2,37.06333333,0,58.89166667,0.080033333
R6#5,142,178,2,37.04555556,0.000948148,57.91,1.534575
R6#5,143,0,0,36.93666667,0.012033333,56.18333333,0.270833333
R6#5,144,89.5,16020.5,37.08111111,0.000948148,57.91166667,0.620258333
R6#5,145,89.5,16020.5,37.08111111,0.006637037,58.81,0.235225
R6#5,146,89.5,15664.5,37.13444444,0.000948148,59.62166667,0.494108333
R6#5,147,89.5,16020.5,37.13444444,0.019625926,60.42833333,0.599608333
R6#5,148,90,15842,37.01777778,0.001781481,58.73,0.316875
R6#5,149,89.5,16020.5,37.04555556,0.000948148,58.485,0.6219
R6#5,150,78,0,37,0.012033333,57.83333333,0.423858333
R6#5,151,90,15488,37,0.012033333,57.83166667,0.543908333
R6#5,152,90,15488,37.01777778,0.001781481,58.07666667,0.182533333
R6#5,153,90.5,15664.5,36.93666667,0.0003,56.92666667,0.082508333
R6#5,154,180,0,36.83777778,0.019625926,56.35,0.1875
R6#5,155,89.5,15664.5,36.91888889,0.00747037,55.07333333,16.23200833
R6#6,133,53,5408,36.97444444,0.026914815,58.17833333,30.33630833
R6#6,134,47,4050,37.06555556,0.019737037,61.55,4.682575
R6#6,135,45,2,37.08333333,0.012033333,62.355,1.839675
R6#6,136,46,3872,37.02,0.012033333,62.34833333,4.649758333
R6#6,137,47.5,4512.5,37.12888889,0.000948148,66.44666667,1.139858333
R6#6,138,96,2,37.02,0.014877778,61.55666667,0.599608333
R6#6,139,49,4802,37.05555556,0.006225926,59.86666667,1.023358333
R6#6,140,47.5,4140.5,37.11111111,0.000948148,60.75333333,1.118533333
R6#6,141,68,1568,37.11888889,0.009603704,63.31166667,0.355658333
R6#6,142,48.5,4704.5,36.99222222,0.000948148,62.58833333,4.715758333
R6#6,143,45.5,0.5,37.02,0.014877778,60.07833333,15.08960833
R6#6,144,47.5,4140.5,36.96666667,0.014877778,57.5,1.6069
R6#6,145,47.5,3960.5,37.05555556,0.006225926,57.33833333,1.165108333
R6#6,146,46,3698,37.02,0.0003,58.39833333,2.496608333
R6#6,147,70.5,760.5,36.77666667,0.354344444,55.79,72.0457
R6#6,148,46,3872,37.03777778,0.009603704,62.35833333,0.706408333
R6#6,149,46,3872,37.05555556,0.006225926,62.35666667,1.160833333
R6#6,150,44.5,3960.5,37.03777778,0.009603704,61.87833333,0.946408333
R6#6,151,47.5,4140.5,37.12888889,0.000948148,62.76,0.0192
R6#6,152,46.5,3960.5,37.05555556,0.006225926,62.67666667,1.200033333
R6#6,153,46,4050,37.14666667,0,61.15666667,0.604033333
R6#6,154,47.5,4140.5,37.14666667,0,60.91666667,0.371233333
R6#6,155,47.5,4324.5,36.98444444,0.078948148,56.38166667,23.54135833
S1#2,148,48,128,37.07555556,0.003792593,67.66833333,1.193733333
S1#2,149,51.5,4324.5,37.05777778,0.000948148,66.82333333,0.340808333
S17#1,121,27.5,1404.5,37.10111111,0.00907037,60.755,0.763275
S17#1,122,46.5,4324.5,36.96666667,0.048133333,59.775,6.564025
S17#1,123,45.5,4140.5,37.02,0.004744444,59.70333333,1.198558333
S17#1,124,46,4232,36.91111111,0.061003704,56.14333333,61.17610833
S17#1,125,46,4232,36.88555556,0.047181481,58.94833333,11.84050833
S17#1,126,91.5,0.5,37.03777778,0.009603704,61.39333333,3.344133333
S17#1,127,1,0,36.11,2.661944444,63.13666667,6.251233333
S17#1,128,46.5,12.5,37.03777778,0.009603704,57.65166667,7.376358333
S17#1,129,45.5,4140.5,37.11111111,0.000948148,61.47666667,1.221633333
S17#1,130,48,4232,37.10111111,0.006225926,61.88,0.1344
S17#1,131,46.5,3960.5,36.87555556,0.15967037,59.93166667,8.332633333
S17#1,132,46.5,4324.5,37.03,0.025011111,60.33666667,7.124758333
S17#1,133,53,5408,36.97444444,0.026914815,58.17833333,30.33630833
S17#1,134,47,4050,37.06555556,0.019737037,61.55,4.682575
S17#1,135,45,2,37.08333333,0.012033333,62.355,1.839675
S17#1,136,46,3872,37.02,0.012033333,62.34833333,4.649758333
S17#1,137,47.5,4512.5,37.12888889,0.000948148,66.44666667,1.139858333
S17#1,138,96,2,37.02,0.014877778,61.55666667,0.599608333
S17#1,139,49,4802,37.05555556,0.006225926,59.86666667,1.023358333
S17#1,140,47.5,4140.5,37.11111111,0.000948148,60.75333333,1.118533333
S17#1,141,68,1568,37.11888889,0.009603704,63.31166667,0.355658333
S17#1,142,48.5,4704.5,36.99222222,0.000948148,62.58833333,4.715758333
S17#1,143,45.5,0.5,37.02,0.014877778,60.07833333,15.08960833
S17#1,144,47.5,4140.5,36.96666667,0.014877778,57.5,1.6069
S17#1.2,123,33.5,2112.5,37.95555556,0.019737037,54.81833333,4.645608333
S17#1.2,124,0.5,0.5,37.81111111,0.000948148,55.82666667,1.628033333
S17#1.2,125,32.5,2112.5,37.91,0.014877778,55.33166667,0.185008333
S17#1.2,126,32,2048,37.91,0.014877778,55.415,0.579175
S17#1.2,127,33.5,2112.5,37.95555556,0.019737037,54.16833333,0.145833333
S17#1.2,128,33,2048,37.95555556,0.019737037,54.00166667,1.020833333
S17#1.2,129,27,0,37.97333333,0.012033333,53.24833333,0.893758333
S17#1.2,130,33,2048,37.89222222,0.016359259,54.08333333,0.061258333
S17#1.2,131,33.5,2244.5,37.69444444,0.016359259,55.41666667,0.080033333
S17#1.2,132,33,2178,37.64888889,0.062592593,54.75333333,0.647508333
S17#1.2,133,66,0,37.84666667,0.002844444,55,2.1292
S17#1.2,134,66,0,37.67666667,0.012033333,54.58833333,0.062508333
S17#1.2,135,65.5,0.5,37.82888889,0.037048148,54.00166667,0.270833333
S17#1.2,136,66,0,37.89222222,0.016359259,54.00333333,0.085008333
S17#1.2,137,66,0,37.91,0.014877778,54.585,0.806275
S17#1.2,138,66,0,37.89222222,0.016359259,55.66833333,0.083333333
S17#1.2,139,65,0,37.89222222,0.016359259,55.66833333,0.265858333
S17#1.2,140,65,0,37.89222222,0.016359259,55.585,0.791425
S17#1.2,141,65,0,37.91,0.012033333,54.84166667,0.061258333
S17#1.2,142,66,0,37.91,0.012033333,55.17166667,0.330008333
S17#2,121,62,2,37.83111111,0.016359259,55.93666667,0.020008333
S17#2,122,1.5,4.5,37.76777778,0.019737037,52.55,19.996975
S17#2,123,13,0,37.68666667,0,48.055,0.693775
S17#2,124,35,2178,37.81333333,0.012033333,52.98,15.1357
S17#2,125,30.5,1860.5,37.77777778,0.00907037,56.925,0.571725
S17#2,126,33.5,1984.5,37.02222222,1.928181481,61.93166667,41.40173333
S17#2,127,64,0,37.67888889,0.042325926,58.40166667,0.560233333
S17#2,128,32,1458,37.84111111,0.003792593,58.645,2.223025
S17#2,129,31,1682,37.82333333,0.002844444,58.32,0.420175
S17#2,130,55,72,37.77777778,0.006225926,58.405,0.316875
S17#2,131,40,1058,37.77777778,0.006225926,59.70333333,0.255233333
S17#2,132,0.5,0.5,37.82333333,0.002844444,58.24,0.740725
S17#2,133,31.5,1984.5,37.04,1.718344444,58.43333333,25.02590833
S17#2,134,30.5,1860.5,37.80555556,0.000948148,56.76333333,0.143758333
S17#2,135,32,2048,37.80555556,0.000948148,57.66666667,0.140058333
S17#2,136,30,1800,37.81333333,0.004744444,58.805,2.8812
S17#2,137,32,1800,37.82333333,0.002844444,61.065,4.170025
S17#2,138,31.5,1860.5,37.74222222,0.002314815,57.98833333,3.495408333
S17#2,139,31.5,1860.5,37.84111111,0.003792593,55.35166667,1.306258333
S17#2,140,31.5,1984.5,37.83111111,0.006225926,55.73333333,17.88065833
S17#2,141,14.5,264.5,37.87666667,0,60.35166667,0.136408333
S17#2,142,50,338,37.82333333,0.002844444,59.135,1.502725
S17#2,143,30,1800,37.85888889,0.000948148,57.83333333,0.422633333
S17#2,144,30.5,1860.5,37.81333333,0.012033333,58.975,0.138025
S17#2,145,31.5,1984.5,37.84111111,0.003792593,59.785,0.7657
S17#2,146,61.5,0.5,37.79555556,0.009603704,60.99333333,0.936058333
S17#2,147,61,0,37.81333333,0.004744444,58.13833333,11.16505833
S17#2,148,30.5,1860.5,37.72222222,0.006637037,55.18666667,0.580008333
S17#2,149,44.5,480.5,37.72222222,0.000948148,51.33,40.161025
S17#2.2,123,125,1800,37.01777778,0.305125926,60.3,18.398575
S17#2.2,124,77.5,12012.5,37.28888889,0.003792593,58.15666667,0.620258333
S17#2.2,125,78.5,12012.5,37.25333333,0.002844444,56.01333333,1.077508333
S17#2.2,126,78.5,12324.5,37.28888889,0.003792593,53.93666667,0.021258333
S17#2.2,127,78.5,12012.5,37.20777778,0.032181481,52.16166667,1.964358333
S17#2.2,128,155.5,0.5,37.22555556,0.022581481,51.995,0.671925
S17#2.2,129,155.5,0.5,37.09888889,0.037048148,48.68166667,34.64600833
S17#2.2,130,156,0,37.10888889,0.032181481,56.345,0.247525
S17#2.2,131,156,0,37.22555556,0.022581481,57.335,0
S17#2.2,132,155.5,0.5,37.28888889,0.003792593,59.29666667,0.237658333
S17#2.2,133,156.5,0.5,37.28888889,0.003792593,59.945,0.254425
S17#2.2,134,156.5,0.5,37.25333333,0.011377778,58.48333333,0.380158333
S17#2.2,135,156,0,37.27111111,0.006637037,57.25666667,0.142108333
S17#2.2,136,155.5,0.5,37.25333333,0.002844444,56.76166667,0.020833333
S17#2.2,137,77.5,12012.5,37.28888889,0.000948148,59.45666667,0.736233333
S17#2.2,138,155.5,0.5,37.25333333,0.008533333,59.13333333,0.257258333
S17#2.2,139,157,0,37.27111111,0.000948148,58.89166667,0.080033333
S17#2.2,140,157,0,37.28888889,0.003792593,56.43166667,0.330008333
S17#2.2,141,156,0,37.28888889,0.003792593,55.52166667,0.145833333
S17#2.2,142,156.5,0.5,37.23555556,0.003792593,55.27166667,0.020833333
S17#2.2,143,157,0,37.27111111,0.006637037,57.5,0.865675
S17#2.2,144,78.5,12324.5,37.17222222,0.035559259,59.05166667,0.058808333
S17#2.2,145,78.5,12324.5,37.14444444,0.02667037,59.05333333,0.177633333
S17#2.2,146,78.5,12324.5,37.17222222,0.022581481,56.35,0.431275
S17#2.2,147,78.5,12324.5,37.11666667,0.008533333,55.68666667,0.143758333
S17#2.2,148,79,12482,37.12666667,0.011677778,55.52166667,0.083333333
S17#2.2,149,78.5,12324.5,37.08111111,0.018014815,54.85333333,0.188758333
S17#2.2,150,78.5,12324.5,37.09888889,0.012325926,58.72333333,0.500208333
S17#2.2,151,78.5,12324.5,37.24333333,0.025011111,59.05,0.420175
S17#3,155,97.5,2812.5,33.91333333,3.543011111,60.95666667,37.50535833
S17#3,156,89,72,35.04666667,1.681377778,63.45166667,16.56200833
S17#3,157,136.5,840.5,35.69666667,0.758211111,59.33,39.535075
S17#3,158,58.5,84.5,36.04888889,1.545614815,57.605,13.4428
S17#3,159,94,512,36.11555556,1.698937037,56.63166667,10.21250833
S17#3,160,101.5,5724.5,35.59222222,0.735214815,64.465,4.783125
S17#3,161,129.5,612.5,35.11888889,2.657114815,58.37666667,14.52360833
S17#3,162,141,512,36.43666667,3.886144444,58.11833333,24.68893333
S17#3,163,63,722,36.14777778,1.955825926,60.03833333,6.760133333
S17#3,164,72,6962,36.54888889,0.977303704,59.015,20.102425
S17#3,165,75.5,5304.5,35.81666667,1.874311111,66.77333333,32.25900833
S17#3,166,55.5,924.5,35.70444444,0.163692593,66.46833333,9.411733333
S17#3,167,22.5,40.5,36.22888889,1.58357037,63.50666667,0.951158333
S17#3,168,60.5,2664.5,36.18111111,0.684359259,59.26333333,3.487108333
S17#3,169,175.5,24.5,35.83222222,2.077448148,67.04333333,0.446758333
S17#3,170,94.5,1512.5,36.15333333,0.853344444,66.16166667,0.280008333
S17#3,171,62.5,144.5,36.83888889,0.912281481,67.54666667,3.999658333
S17#3,172,73.5,1104.5,36.36888889,1.697437037,72.76,38.955625
S17#3,173,120,1568,36.79666667,1.565077778,63.05333333,6.340258333
S17#3,174,131,648,37.07666667,3.100211111,62.05,40.877725
S17#3,175,36,2178,35.62222222,0.717037037,63.57166667,50.94645833
S17#4,155,89.5,15664.5,36.91888889,0.00747037,55.07333333,16.23200833
S17#4,156,88,15488,37.08111111,0.000948148,59.62,0.966175
S17#4,157,0.5,0.5,37.12666667,0.004744444,59.54,0.5329
S17#4,158,89.5,16020.5,37.09888889,0.012337037,59.135,0.3769
S17#4,159,89.5,16020.5,37.14444444,0.009603704,59.21333333,2.646433333
S17#4,160,90,16200,37.16222222,0.001781481,59.86166667,2.485033333
S17#4,161,151,1568,37.06333333,0.006944444,58.72833333,0.971858333
S17#4,162,179,0,37.08111111,0.007892593,60.26666667,1.232508333
S17#4,163,178.5,0.5,37.18,0.004744444,60.59,0.949225
S17#4,164,178,0,37.14444444,0.000714815,60.43,0.602425
S17#4,165,178,0,37.09888889,0.003792593,61.315,0.2496
S17#4,166,178.5,0.5,37.13444444,0.000948148,60.51,1.112475
S17#4,167,103.5,11100.5,37.06333333,0,58.56833333,0.536558333
S17#4,168,179.5,0.5,37,0.014877778,54.68666667,1.015008333
S17#4,169,89,15842,37,0.003144444,56.59333333,1.287633333
S17#4,170,90,16200,36.97222222,0.001781481,56.67833333,1.859758333
S17#4,171,90.5,16020.5,36.98222222,0.002314815,58.32,1.2532
S17#4,172,90,15488,37.01777778,0.001781481,58.325,0.060025
S17#4,173,90,15842,37.01777778,0.001781481,57.99666667,0.020833333
S17#4,174,89.5,15664.5,37.10888889,0.006225926,58.81,1.2532
S17#4,175,178.5,0.5,37.03555556,0.002314815,56.515,0.144175
S18#2,130,35.5,112.5,37.35444444,0.003792593,62.27333333,0.985658333
S18#2,131,103,8,37.33666667,0.002844444,61.315,0.0192
S18#2,132,90,0,37.4,0.004744444,61.795,0.3648
S18#2,133,122,1922,37.31888889,0.003792593,62.67333333,0.170408333
S18#2,134,58.5,5512.5,37.33666667,0.002844444,62.515,0.0192
S18#2,135,1.5,4.5,37.31888889,0.063003704,62.83166667,1.721308333
S18#2,136,15.5,84.5,37.05,0.382744444,62.83166667,0.472033333
S18#2,137,80.5,684.5,37.39,0.002844444,62.83333333,0.812058333
S18#2,138,117.5,2380.5,37.31888889,0.003792593,62.115,0.3072
S18#2,139,139,72,37.31888889,0.000948148,62.19833333,0.399608333
S18#2,140,16,450,37.44555556,0.002314815,62.91,0.676875
S18#2,141,30,1682,37.33666667,0.002844444,62.91166667,0.170408333
S18#2,142,37.5,544.5,37.31888889,0.000948148,64.02,0.0192
S18#2,143,69.5,1512.5,37.35444444,0.000948148,62.835,0.358825
S18#2,144,48.5,2520.5,37.31888889,0.003792593,62.59666667,0.132408333
S18#2,145,54,882,37.25555556,0.022581481,62.75333333,0.132408333
S18#2,146,5,2,37.35444444,0.003792593,63.30833333,0.586433333
S18#2,147,61,32,37.37222222,0.000948148,63.705,0.5233
S18#2,148,69,8,37.37222222,0.006637037,64.57166667,0.223258333
S18#2,149,143.5,4.5,37.31888889,0.000948148,62.835,0.358825
S18#3,167,94,10658,35.32111111,1.791248148,59.71666667,17.96385833
S18#3,168,98.5,8580.5,35.43777778,1.458581481,63.495,10.254675
S18#3,169,18.5,4.5,35.59777778,1.995492593,67.56666667,6.237858333
S18#3,170,31,8,36.36111111,0.630103704,59.905,18.008725
S18#3,171,30.5,1012.5,36.17333333,0.534677778,60.59666667,28.16103333
S18#3,172,122.5,40.5,36.75888889,1.82287037,52.90333333,6.483633333
S18#3,173,53.5,2812.5,35.95,1.1761,61.72333333,9.986858333
S18#3,174,53,882,36.35777778,0.530014815,58.75,24.583525
S18#3,175,22,128,36.71555556,0.511559259,62.00833333,17.06405833
S18#3,176,131,3528,36.19444444,0.923848148,65.07,4.149075
S18#3,177,132,4050,36.23444444,1.320103704,56.86333333,64.54165833
S18#3,178,56,1682,36.29777778,1.933437037,57.045,10.702975
S18#3,179,119.5,2244.5,36.24666667,0.729877778,60.65,33.1284
S18#3,180,64.5,4140.5,35.95333333,1.029011111,69.955,2.281725
S18#3,181,100,3698,35.69666667,0.100633333,65.93333333,9.727358333
S18#3,182,151.5,180.5,36.23444444,0.295648148,61.55833333,11.40810833
S18#3,183,148.5,1200.5,36.74333333,2.049677778,63.21333333,9.952608333
S18#3,184,104,8192,36.31222222,0.082003704,58.26,44.5609
S18#3,185,11,50,36.65222222,0.052292593,60.58333333,7.224308333
S18#3,186,160.5,684.5,35.51333333,1.079477778,67.845,75.6759
S18#4.2,167,79.5,11704.5,35.31666667,9.72,57.83,0.245025
S18#4.2,168,157,0,37.10666667,0.004744444,55.10333333,0.063758333
S18#4.2,169,157,0,37.10666667,0.014877778,54.185,0.271675
S18#4.2,170,78.5,12324.5,37.11666667,0,53.85166667,0.255033333
S18#4.2,171,78.5,12324.5,37.10666667,0.004744444,53.59833333,0.445033333
S18#4.2,172,78.5,12324.5,37.11666667,0,53.26166667,0.020833333
S18#4.2,173,0,0,37.05333333,0.012033333,53.85166667,0.255033333
S18#4.2,174,77.5,12012.5,37.11666667,0,54.02,0.147925
S18#4.2,175,77.5,12012.5,37.11666667,0,54.435,0.081675
S18#4.2,176,78,12168,37.13444444,0.000948148,54.27,0.144175
S18#4.2,177,156,0,37.02555556,0.00907037,53.34666667,0.257558333
S18#4.2,178,156,0,36.99,0.012033333,53.515,0.0867
S18#4.2,179,156,0,37.08888889,0.002314815,53.76666667,0.275858333
S18#4.2,180,156,0,37.02555556,0.00907037,53.60166667,0.192533333
S18#4.2,181,156,0,37.05333333,0.012033333,53.17833333,0.149608333
S18#4.2,182,156.5,0.5,37.02555556,0.00907037,52.92333333,0.149608333
S18#4.2,183,157,0,36.99,0.012033333,52.84,0.255025
S18#4.2,184,79,12168,36.99777778,0.003792593,53.00833333,0.340033333
S18#4.2,185,78.5,12324.5,36.99777778,0.003792593,53.34666667,0.192533333
S18#4.2,186,78.5,12324.5,36.92666667,0,53.34666667,0.192533333
S2#2,113,1,2,37.28888889,0.000948148,55.185,0.147925
S2#2,114,88,14792,37.25333333,0.002844444,55.105,0.75
S2#2,115,87,15138,37.28888889,0.000948148,55.685,0.395425
S2#2,116,88,15488,37.35222222,0.016359259,56.67666667,0.386308333
S2#2,117,173,2,37.39777778,0.001781481,56.76,0.081675
S2#2,118,174,0,37.33444444,0.009603704,56.67666667,0.143758333
S2#2,119,174,0,37.05555556,0.117348148,59.325,22.3587
S2#2,120,172,0,37.33444444,0.009603704,57.50166667,0.142108333
S2#2,121,173,0,37.36222222,0.002314815,57.33833333,0.061258333
S2#2,122,172,0,37.33444444,0.019737037,57.5,0.865675
S2#2,123,89,14450,36.91111111,0.469392593,56.51,1.005475
S2#2,124,107,9800,37.39777778,0.006225926,57.17333333,0.020833333
S2#2,125,17,512,37.47888889,0.000948148,58.4,0.8571
S2#2,126,90,15842,36.69555556,1.925337037,62.18333333,39.51710833
S2#2,127,179.5,0.5,37.33444444,0.015292593,56.84333333,0.186258333
S2#2,128,89,15842,37.44333333,0.002844444,57.415,2.262225
S2#2,129,1,0,37.47888889,0.000948148,58.07333333,0.725208333
S2#2,130,89.5,15664.5,37.46111111,0.000948148,58.23833333,0.560233333
S2#2,131,88.5,15312.5,37.46111111,0.003792593,59.70166667,0.257258333
S2#2,132,88,15488,37.42555556,0.003792593,57.995,0.6219
S2#2,133,89,15842,36.94888889,0.73627037,55.43833333,1.499658333
S2#2,134,89,15842,37.44333333,0.002844444,54.855,0.1875
S2#2,135,89,15842,37.44333333,0.002844444,56.01666667,0.389608333
S2#2,136,79,12482,37.20777778,0.027748148,58.14666667,5.903858333
S2#2,137,177,0,37.13444444,0.003792593,59.94333333,0.548058333
S2#2,138,177,0,37.11666667,0.002844444,59.94166667,2.358533333
S2#5,175,98,6728,35.62111111,2.846825926,65.57666667,9.565908333
S2#5,176,70.5,220.5,34.69555556,9.021603704,61.085,3.329275
S2#5,177,95,6728,34.38444444,0.228914815,63.745,9.666075
S2#5,178,135.5,1624.5,32.40555556,5.682737037,62.76166667,12.97565833
S2#5,179,104,6050,35.29,3.506533333,68.44,137.297025
S2#5,180,59,3200,33.92888889,4.844403704,65.91833333,33.07535833
S2#5,181,101,8712,35.97,0.552533333,62.43166667,15.00860833
S2#5,182,11,162,36.22111111,0.471559259,69.75833333,5.471258333
S2#5,183,161,72,33.51222222,0.745848148,68.77333333,45.12373333
S2#5,184,123,1922,35.52666667,4.0507,65.67,124.101075
S2#5,185,54,2738,35.35,0.456344444,67.405,33.107425
S2#5,186,86.5,924.5,36.34333333,1.3863,60.65833333,6.638108333
S2#5,187,88.5,12012.5,34.94444444,4.049837037,70.45833333,97.44100833
S2#5,188,58.5,1860.5,36.43666667,4.751011111,71.46,23.002525
S2#5,189,102,648,35.90222222,2.573114815,68.44666667,116.4037333
S2#5,190,91.5,0.5,38.75444444,41.40658148,62.25166667,267.6006083
S2#5,191,98.5,180.5,35.32555556,4.650403704,65.935,26.132725
S2#6,175,62.5,0.5,37.91222222,0.003792593,51.55166667,11.11325833
S2#6,176,63.5,0.5,37.91222222,0.003792593,54.19833333,36.38125833
S2#6,177,62,0,37.87666667,0,58.48333333,1.332008333
S2#6,178,65,0,37.87666667,0,57.67166667,0.020008333
S2#6,179,64,0,37.89444444,0.000948148,57.75,0.386725
S2#6,180,31.5,1984.5,37.87666667,0,57.175,0.991875
S2#6,181,32,2048,37.87666667,0,59.055,1.1307
S2#6,182,32.5,1984.5,37.87666667,0,60.34833333,1.892933333
S2#6,183,33,2,35.08333333,23.40813333,56.93833333,68.59300833
S2#6,184,34.5,1984.5,37.87666667,0,59.70333333,2.427433333
S2#6,185,33,2178,37.87666667,0,63.31166667,0.132408333
S2#6,186,32.5,2112.5,37.87666667,0,60.91,3.030025
S2#6,187,32,2048,37.87666667,0,64.1,1.066975
S2#6,188,32,1922,37.87666667,0,62.75,3.7011
S2#6,189,32,1922,37.79555556,0.009603704,59.845,11.6275
S2#6,190,31.5,1984.5,37.87666667,0,58.155,1.819975
S2#6,191,32.5,1984.5,37.87666667,0,57.08833333,3.010233333
S2#6,192,32,1682,37.87666667,0,56.51333333,1.626308333
S2#6,193,33,2178,37.79555556,0.019737037,53.49666667,9.028958333
S2#6,194,33,2178,37.89444444,0.000948148,52.90833333,7.782358333
S32#1,110,47,3362,31.53,42.26203333,54.24,13.312525
S32#1,111,166,18,34.24,6.996844444,66.84666667,5.946533333
S32#1,112,149,1058,30.54666667,13.26923333,75.27333333,88.75935833
S32#1,113,115.5,40.5,33.08888889,0.887337037,59.08166667,182.1484083
S32#1,114,94.5,7564.5,33.63777778,7.978148148,67.725,7.128775
S32#1,115,111.5,8580.5,32.26111111,0.261492593,66.68333333,181.1045583
S32#1,116,47,3528,32.83222222,2.716681481,67.13666667,30.75140833
S32#1,117,77,2450,33.93,10.09013333,57.47166667,33.86250833
S32#1,118,113,7200,35.26444444,0.097959259,60.665,0.622675
S32#1,119,132,4418,35.96333333,3.301477778,65.35666667,14.55863333
S32#1,120,45.5,2380.5,34.74666667,5.674033333,63.25833333,11.70685833
S32#1,121,116.5,420.5,34.45444444,2.480514815,58.99833333,18.07075833
S32#1,122,86,5618,34.69111111,4.813337037,53.76166667,88.08843333
S32#1,123,15.5,480.5,32.66222222,3.703803704,47.66166667,51.33173333
S32#1,124,128.5,1404.5,33.97333333,6.024477778,45.81333333,31.09440833
S32#1,125,71.5,6160.5,33.74444444,0.732281481,60.54,73.773525
S32#1,126,72,4050,33.21,3.088011111,60.92666667,6.017108333
S32#1,127,39,200,33.17777778,1.029448148,52.72166667,2.254758333
S32#1,128,96,5618,32.61333333,20.04213333,45.365,110.945425
S32#1,129,73.5,6844.5,33.45777778,8.25707037,51.05833333,7.025633333
S32#1,130,92,5000,33.75333333,13.81974444,47.395,24.668175
S32#1,131,57.5,4900.5,31.78333333,2.1049,54.515,12.600075
S32#1,132,149.5,840.5,30.76111111,1.916448148,60.09333333,3.324508333
S32#1,133,39,800,33.21333333,3.482633333,60.34166667,20.54530833
S32#1,134,118.5,6844.5,35.54777778,4.249892593,54.22333333,3.365108333
S32#1,135,92,12482,34.06222222,11.20451481,52.37833333,2.868358333
S32#1,136,75,18,34.82444444,4.845892593,56.21333333,25.66503333
S32#2,112,67,4608,30.97666667,1.074233333,54.36,15.193425
S32#2,113,41.5,3120.5,29.67111111,4.597081481,48.73333333,53.05213333
S32#2,114,158,242,30.03555556,12.35813704,52.165,27.411775
S32#2,115,110,2048,31.61555556,1.384914815,54.735,4.649575
S32#2,116,110.5,40.5,33.27444444,0.252359259,54.92166667,1.833008333
S32#2,117,94,722,34.14333333,6.119633333,53.66166667,5.244258333
S32#2,118,104,72,33.73111111,8.884448148,51.67833333,17.68655833
S32#2,119,146,72,33.96111111,9.34207037,52.82166667,6.413558333
S32#2,120,78,8450,34.17777778,2.28557037,54.21333333,12.56485833
S32#2,121,70.5,112.5,33.39555556,9.802581481,49.82166667,22.01680833
S32#2,122,66,1682,33.75888889,2.879559259,43.38833333,29.68275833
S32#2,123,113,128,33.43,3.839811111,41.905,41.520225
S32#2,124,23,98,33.02666667,1.485811111,41.91666667,11.86825833
S32#2,125,151.5,1624.5,33.12444444,1.062559259,57.065,6.164425
S32#2,126,51.5,544.5,33.09555556,6.159514815,51.37333333,5.512858333
S32#2,127,54.5,3120.5,32.78333333,4.201244444,47.645,72.653175
S32#2,128,42,3200,33.67777778,3.355214815,49.11333333,36.47705833
S32#2,129,94.5,840.5,33.62777778,6.728737037,41.63,9.540525
S32#2,130,125,288,33.32333333,15.56567778,42.25166667,17.10703333
S32#2,131,68.5,3612.5,32.02222222,0.793225926,53.615,1.893025
S32#2,132,42.5,1300.5,32.43111111,1.01067037,50.24,1.485775
S32#2,133,48.5,1984.5,33.35444444,0.456892593,51.555,15.974575
S32#2,134,50.5,684.5,32.80111111,6.433581481,48.07333333,31.01260833
S32#2,135,117,72,34.48777778,1.100637037,47.13833333,2.096633333
S32#2,136,117.5,3444.5,34.60111111,6.557937037,47.68,2.504325
T7#2,136,137.5,612.5,32.48777778,10.16691481,54.05,4.662775
T7#2,137,53.5,3960.5,34.18222222,2.303937037,59.65666667,4.059258333
T7#2,138,12.5,220.5,33.97777778,1.745959259,61.325,24.292975
T7#2,139,41.5,420.5,34.22333333,2.846944444,63.89,8.307225
T7#2,140,94.5,2964.5,31.09555556,12.78533704,57.21333333,63.12903333
T7#2,141,72.5,2380.5,31.73222222,12.27504815,64.81166667,80.73400833
T7#2,142,29.5,264.5,34.59222222,0.275748148,61.655,7.730625
T7#2,143,94,2450,32.93,0.566533333,57.08,17.505475
T7#2,144,77.5,1740.5,34.25888889,3.763692593,56.71666667,2.985433333
T7#2,145,21.5,84.5,34.69222222,0.252248148,55.52333333,1.484058333
T7#2,146,0.5,0.5,33.84777778,0.339337037,60.645,1.9177
T7#2,147,36.5,612.5,33.81222222,2.102959259,62.75333333,25.05923333
T7#2,148,127,4232,35.01444444,0.224003704,61.425,2.1481
T7#2,149,101.5,684.5,34.49222222,0.044903704,64.25166667,8.219408333
T7#2,150,64,7688,34.80222222,0.486414815,64.41833333,5.998633333
T7#2,151,52,2,34.94555556,0.691914815,61.80333333,1.901358333
T7#2,152,152,50,33.86888889,4.843425926,65.94666667,7.391233333
T7#2,153,119,392,34.34222222,0.458714815,72.86666667,14.25085833
T7#2,154,104.5,420.5,31.48222222,15.00247037,71.68666667,72.56895833
T7#2,155,97,13122,32.98666667,8.768177778,71.23333333,17.64040833
T7#2,156,96,6728,33.56444444,2.053181481,71.68166667,17.95010833
T7#2,157,75,1922,35.04444444,0.049781481,69.10166667,9.176433333
T7#2,158,67,3698,34.62222222,2.913081481,67.34833333,4.062808333
T7#2,159,55.5,60.5,34.03555556,1.770559259,61.365,11.4681
Y16#1,123,36,288,33.79888889,2.493525926,43.425,3.434925
Y16#1,124,94,4232,35.21,2.445077778,41.93833333,4.532558333
Y16#1,125,56,2592,33.03888889,1.86907037,53.09833333,14.60703333
Y16#1,126,93,2048,34.14222222,0.094337037,53.02666667,33.14290833
Y16#1,127,121.5,6160.5,33.53444444,1.78317037,48.74,1.8576
Y16#1,128,33,288,34.46333333,5.117633333,45.495,22.6524
Y16#1,129,55.5,3444.5,33.72666667,3.489211111,41.01,40.7523
Y16#1,130,143,2592,35.23,4.302233333,44.59333333,2.381508333
Y16#1,131,100,3698,33.07666667,0.3199,53.2,23.9044
Y16#1,132,148,512,34.05,1.647877778,58.10833333,0.870158333
Y16#1,133,51,72,34.10444444,2.29027037,54.135,8.564725
Y16#1,134,40.5,2520.5,34.70444444,3.386559259,51.72666667,24.95270833
Y16#1,135,53,5408,35.61333333,2.357077778,48.33,16.0527
Y16#1,136,101,392,35.17222222,2.891959259,51.23333333,9.889658333
Y16#1,137,36.5,112.5,36.24333333,2.028677778,52.685,27.516025
Y16#1,138,117.5,7564.5,35.42555556,2.108737037,55.53666667,5.068933333
Y16#1,139,111.5,2664.5,35.61222222,2.238181481,57.47,23.220475
Y16#1,140,46,98,35.52222222,1.858159259,59.74833333,20.19863333
Y16#1,141,119.5,144.5,35.55666667,0.036977778,54.12833333,7.581058333
Y16#1,142,132.5,2520.5,34.18333333,0.973733333,61.81166667,18.03025833
Y16#1,143,53.5,420.5,34.44666667,4.316044444,58.45166667,8.608758333
Y16#1g,123,29,648,32.16555556,2.026448148,45.06833333,7.439033333
Y16#1g,124,71.5,1104.5,30.86666667,15.6441,47.10833333,2.440433333
Y16#1g,125,66.5,2380.5,32.28888889,1.456625926,58.87166667,84.60895833
Y16#1g,126,71.5,7320.5,32.05666667,2.504233333,55.46833333,5.710358333
Y16#1g,127,112,6498,31.61333333,2.038633333,51.79166667,0.975208333
Y16#1g,128,135.5,2244.5,33.52333333,14.54714444,41.24666667,45.65965833
Y16#1g,129,87.5,3444.5,31.61555556,3.719181481,44.57666667,88.17085833
Y16#1g,130,69.5,1200.5,33.39888889,9.351392593,49.56166667,11.78600833
Y16#1g,131,98.5,8064.5,30.34777778,16.66089259,59.33833333,131.5410333
Y16#1g,132,87.5,11100.5,31.65666667,1.889411111,58.79,4.837275
Y16#1g,133,169,72,32.20444444,2.035737037,52.285,34.789725
Y16#1g,134,102,10368,33.90111111,15.20949259,53.90833333,0.483158333
Y16#1g,135,81,4802,34.36,10.29417778,47.675,13.502575
Y16#1g,136,113,18,33.87333333,2.555077778,50.735,12.424075
Y16#1g,137,40,8,33.82444444,6.130248148,54.92,1.332175
Y16#1g,138,77.5,112.5,34.92333333,4.545411111,55.30666667,0.182533333
Y16#1g,139,126,242,34.04222222,9.929403704,57.33,6.2653
Y16#1g,140,111,4050,32.40333333,0.018633333,57.11833333,8.288008333
Y16#1g,141,155,98,32.87555556,2.612248148,53.86166667,9.982433333
Y16#1g,142,114,1250,32.13333333,0.657877778,59.94666667,40.05685833
Y16#1g,143,100,5408,32.52,5.033644444,59.72,0.740425
Y16#1g,144,94.5,12324.5,32.25333333,0.467677778,59.44833333,7.810833333
Y16#1g,145,112.5,6612.5,33.00222222,7.081114815,59.52333333,25.19560833
Y16#1g,146,48.5,1012.5,33.98555556,5.187337037,60.53333333,36.12985833
Y16#1g,147,4,18,33.68111111,4.278825926,57.75333333,1.166858333
Y16#2,123,33.5,2112.5,37.95555556,0.019737037,54.81833333,4.645608333
Y16#2,124,0.5,0.5,37.81111111,0.000948148,55.82666667,1.628033333
Y16#2,125,32.5,2112.5,37.91,0.014877778,55.33166667,0.185008333
Y16#2,126,32,2048,37.91,0.014877778,55.415,0.579175
Y16#2,127,33.5,2112.5,37.95555556,0.019737037,54.16833333,0.145833333
Y16#2,128,33,2048,37.95555556,0.019737037,54.00166667,1.020833333
Y16#2,129,27,0,37.97333333,0.012033333,53.24833333,0.893758333
Y16#2,130,33,2048,37.89222222,0.016359259,54.08333333,0.061258333
Y16#2,131,33.5,2244.5,37.69444444,0.016359259,55.41666667,0.080033333
Y16#2,132,33,2178,37.64888889,0.062592593,54.75333333,0.647508333
Y16#2,133,66,0,37.84666667,0.002844444,55,2.1292
Y16#2,134,66,0,37.67666667,0.012033333,54.58833333,0.062508333
Y16#2,135,65.5,0.5,37.82888889,0.037048148,54.00166667,0.270833333
Y16#2,136,66,0,37.89222222,0.016359259,54.00333333,0.085008333
Y16#2,137,66,0,37.91,0.014877778,54.585,0.806275
Y16#2,138,66,0,37.89222222,0.016359259,55.66833333,0.083333333
Y16#2,139,65,0,37.89222222,0.016359259,55.66833333,0.265858333
Y16#2,140,65,0,37.89222222,0.016359259,55.585,0.791425
Y16#2,141,65,0,37.91,0.012033333,54.84166667,0.061258333
Y16#2,142,66,0,37.91,0.012033333,55.17166667,0.330008333
Y16#2,143,65.5,0.5,37.91,0.012033333,55.17333333,0.145833333
Y16#2,144,65.5,0.5,37.87444444,0.019737037,55.33833333,0.185008333
Y16#2,145,32.5,2112.5,37.89222222,0.016359259,55.42166667,0.268758333
Y16#2,146,32.5,2112.5,37.91,0.014877778,55.58666667,0.555033333
Y16#2,147,32.5,1984.5,37.79333333,0,55.34166667,0.062508333
Y16#2,148,33,2048,37.84666667,0.002844444,55.09166667,0.185033333
Y16#2,149,33,2178,37.62111111,0.000948148,53.16666667,2.677633333
Y16#2,150,32.5,2112.5,37.82888889,0.012325926,55.01,0.145425
Y16#2,151,32.5,2112.5,37.73,0.004744444,53.825,7.830325
Y17#1b,113,32.5,2112.5,37.84666667,0,56.57,0
Y17#1b,114,32.5,2112.5,37.84666667,0,56.9,0.258075
Y17#1b,115,32.5,2112.5,37.82888889,0.000948148,54.67666667,1.340008333
Y17#1b,116,32.5,2112.5,37.86444444,0.000948148,55.91666667,0.320133333
Y17#1b,117,32.5,2112.5,37.84666667,0,55.755,0.081675
Y17#1b,118,65,0,35.40777778,18.2376037,50.955,75.450175
Y17#1b,119,65,0,37.9,0,56.73833333,0.565158333
Y17#1b,120,65,0,37.9,0,57.31333333,0.182533333
Y17#1b,121,65,0,37.9,0,57.32,0
Y17#1b,122,65,0,37.9,0,56.25166667,0.568433333
Y17#1b,123,65,0,37.88222222,0.000948148,55.425,0.516675
Y17#1b,124,65,0,37.86444444,0.000948148,55.01,0.516675
Y17#1b,125,32.5,2112.5,37.84666667,0,57.80333333,1.136808333
Y17#1b,126,65,0,37.86444444,0.000948148,56.49666667,1.836308333
Y17#1b,127,65,0,37.84666667,0,56.00333333,0.020008333
Y17#1b,128,65,0,37.84666667,0,55.17666667,0.635058333
Y17#1b,129,65,0,37.84666667,0,54.26166667,1.333333333
Y17#1b,130,65,0,37.86444444,0.000948148,54.26166667,0.333333333
Y17#1b,131,65,0,37.86444444,0.000948148,54.25833333,0.270008333
Y17#1b,132,65,0,37.60111111,0.223025926,49.68666667,87.73285833
Y17#1b,133,64,0,37.9,0,54.34333333,1.318758333
Y17#1b,134,64,0,37.9,0,54.17333333,0.333333333
Y17#1b,135,65,0,37.9,0,53.085,0.252525
Y17#1b,136,65,0,37.9,0,52.07666667,0.190008333
Y17#1b,137,32.5,2112.5,37.88222222,0.000948148,53.91666667,2.791308333
Y17#1b,138,17,578,37.84666667,0.002844444,56.245,0.140475
Y17#1g,113,16.5,60.5,33.19555556,3.126225926,43.56,0.450975
Y17#1g,114,56.5,112.5,31.64666667,1.025877778,52.20666667,53.04150833
Y17#1g,115,81,10952,34.18888889,6.310681481,39.075,39.267675
Y17#1g,116,61,1250,35.10333333,5.503244444,40.34166667,8.805908333
Y17#1g,117,101,512,34.27222222,8.305625926,43.75166667,0.869408333
Y17#1g,118,114.5,364.5,33.04777778,0.004781481,48.03666667,19.98150833
Y17#1g,119,94,648,31.16666667,1.718744444,52.33833333,14.63380833
Y17#1g,120,123,722,31.54222222,10.18321481,50.58333333,66.19485833
Y17#1g,121,137.5,4.5,32.65555556,4.470825926,51.91166667,1.154508333
Y17#1g,122,162.5,312.5,32.70777778,3.28997037,53.82166667,22.01165833
Y17#1g,123,27.5,40.5,33.40777778,10.22267037,55.965,0.589225
Y17#1g,124,77.5,4324.5,33.89444444,1.256903704,56.51,21.158125
Y17#1g,125,85,18,29.70444444,21.68369259,57.44166667,6.019508333
Y17#1g,126,45,1458,32.91444444,1.087525926,51.73166667,0.865733333
Y17#1g,127,123.5,5304.5,32.25444444,4.777081481,54.86833333,30.96175833
Y17#1g,128,35.5,40.5,32.45222222,3.920292593,59.16666667,0.848033333
Y17#1g,129,35.5,24.5,32.66666667,5.865833333,51.43,48.2943
Y17#1g,130,97,8192,32.92444444,0.535214815,50.55333333,10.28800833
Y17#1g,131,32.5,1404.5,32.73,6.601244444,53.16666667,0.555358333
Y17#1g,132,79,10368,29.20666667,7.0756,63.72166667,20.74830833
Y17#1g,133,52,3872,33.25555556,4.525214815,65.72833333,17.37180833
Y17#1g,134,79.5,5100.5,31.76,0.904144444,63.57333333,0.781658333
Y17#1g,135,98.5,9384.5,34.83555556,1.707737037,59.135,0.316875
Y17#1g,136,74.5,9940.5,34.66666667,0.709411111,52.25166667,25.39990833
Y17#1g,137,115,3042,34.14111111,2.389781481,50.91833333,13.57585833
Y17#2b,115,57.5,180.5,30.30666667,40.16487778,41.65166667,102.9380083
Y17#2b,116,61,3200,32.37111111,26.9834037,43.87666667,57.08225833
Y17#2b,117,138.5,364.5,33.71444444,5.224048148,48.79833333,52.85895833
Y17#2b,118,165,2,30.43555556,0.617403704,49.93166667,3.150758333
Y17#2b,119,93,3200,30.32888889,2.498825926,58.47,12.7411
Y17#2b,120,14,200,31.87555556,8.966292593,56.37,206.1759
Y17#2b,121,18,648,32.35888889,1.458903704,54.47,12.168025
Y17#2b,122,95.5,480.5,31.75555556,5.397392593,68.33833333,288.6722583
Y17#2b,123,91,512,34.92333333,3.265033333,57.70166667,17.42700833
Y17#2b,124,91,5202,32.95888889,2.607825926,56.59166667,105.8398583
Y17#2b,125,104,2048,33.41777778,1.360992593,62.61,78.727075
Y17#2b,126,94,13778,31.84888889,0.845337037,56.67333333,32.85923333
Y17#2b,127,71.5,2664.5,32.82888889,0.418237037,59.165,115.931425
Y17#2b,128,62.5,2244.5,31.62555556,17.02393704,52.46166667,23.64860833
Y17#2b,129,117,1058,33.27666667,5.531344444,52.31,14.435625
Y17#2b,130,132.5,2244.5,32.20444444,1.581403704,50.56333333,0.071858333
Y17#2b,131,31.5,24.5,31.83777778,9.796992593,55.095,1.206325
Y17#2b,132,54.5,1512.5,31.40333333,6.0916,62.82333333,24.43043333
Y17#2b,133,89,3362,30.13111111,11.49369259,56.91,26.5008
Y17#2b,134,137,722,33.3,0.547733333,61.77666667,31.07910833
Y17#2b,135,81.5,264.5,30.51333333,13.3788,55.76,37.789425
Y17#2b,136,61.5,3960.5,31.41555556,12.11272593,43.07666667,47.33803333
Y17#2b,137,80,4608,34.23111111,3.366892593,42.655,2.7741
Y17#2b,138,58,8,32.56555556,1.48807037,48.79333333,0.289908333
Y17#2b,139,82.5,1624.5,31.64444444,3.645392593,49.07666667,20.32215833
Y27#1,97,107,18,36.92888889,0.009603704,58.15,0.081675
Y27#1,98,109.5,4.5,36.92888889,0.009603704,59.36166667,5.132108333
Y27#1,99,108.5,12.5,36.91111111,0.006225926,60.665,0.5376
Y27#1,100,109.5,4.5,36.92888889,0.009603704,61.15,0.3648
Y27#1,101,105.5,0.5,36.91111111,0.006225926,60.83,0.0192
Y27#1,102,110,0,36.91111111,0.006225926,62.11,0.0192
Y27#1,103,111,0,36.94666667,0.012033333,62.1,4.9152
Y27#1,104,108,8,36.92888889,0.009603704,57.32666667,6.266233333
Y27#1,105,110,0,36.92888889,0.009603704,60.505,2.8227
Y27#1,106,110,0,36.91111111,0.006225926,61.63166667,0.940008333
Y27#1,107,113.5,0.5,36.95666667,0,61.715,0.4032
Y27#1,108,113,0,36.99222222,0.000948148,62.35333333,0.362008333
Y27#1,109,57,6050,37.01,0,62.195,0.2304
Y27#1,110,57,6498,36.99222222,0.000948148,61.075,0.1344
Y27#1,111,57.5,6160.5,36.99222222,0.000948148,58.65,0.3769
Y27#1,112,59.5,6384.5,36.97444444,0.000948148,60.42833333,1.428933333
Y27#1,113,59,6962,36.99222222,0.000948148,63.385,0.225625
Y27#1,114,57.5,6612.5,36.94666667,0.004744444,63.545,0.130825
Y27#1,115,57.5,6612.5,36.94666667,0.004744444,61.47333333,1.629658333
Y27#1,116,57,6050,36.96444444,0.006225926,61.79333333,1.394808333
Y27#1,117,55,5618,36.99222222,0.000948148,62.03333333,1.856808333
Y27#1,118,57,5832,37.06333333,0.008533333,58.31333333,45.31665833
Y27#1,119,56,5408,36.96444444,0.006225926,62.595,0.358825
Y27#1,120,58,6050,36.99222222,0.000948148,63.62666667,0.168033333
Y27#2,97,78.5,420.5,36.83777778,0.000948148,54.84166667,1.185008333
Y27#2,98,78,12168,36.85555556,0.000948148,56.83666667,0.182533333
Y27#2,99,78.5,12324.5,36.83777778,0.000948148,56.09666667,0.062508333
Y27#2,100,78,11858,36.80222222,0.000948148,56.26333333,0.020008333
Y27#2,101,78,12168,36.73888889,0.002314815,56.34666667,0.182533333
Y27#2,102,78,12168,36.85555556,0.000948148,57.49333333,0.080033333
Y27#2,103,78,12168,37.04555556,0.000948148,57.98833333,0.320133333
Y27#2,104,78,12168,36.89111111,0.000948148,56.755,0.629275
Y27#2,105,78,12168,36.85555556,0.006637037,57.24666667,1.478633333
Y27#2,106,78,12168,36.89111111,0.000948148,57.49666667,0.383433333
Y27#2,107,77.5,12012.5,36.93666667,0.012033333,57.74,0.9796
Y27#2,108,77.5,12012.5,37.09888889,0.003792593,57.90666667,0.260108333
Y27#2,109,78,12168,37.09888889,0.003792593,57.58,0.4251
Y27#2,110,156,0,37.11666667,0.002844444,57.335,0.245025
Y27#2,111,154.5,0.5,37.03555556,0.009603704,57.16833333,0.080858333
Y27#2,112,78,12168,37.06333333,0,58.72333333,0.020033333
Y27#2,113,78,12168,37.06333333,0,59.45833333,0.020008333
Y27#2,114,0.5,0.5,37.06333333,0,59.86333333,0.078408333
Y27#2,115,77.5,12012.5,37.01777778,0.006225926,57.825,1.1503
Y27#2,116,155.5,0.5,37.06333333,0,58.80833333,0.058808333
Y27#2,117,155.5,0.5,37.06333333,0,58.72666667,0.020833333
Y27#2,118,77.5,12012.5,34.99222222,12.69758148,54.64833333,58.42770833
Y27#2,119,77.5,12012.5,37.13444444,0.000948148,59.37666667,0.374058333
Y27#2,120,77.5,12012.5,37.15222222,0.000948148,59.945,0.0192
Y27#2,121,79,12168,37.13444444,0.000948148,59.945,0.0192
Y27#2,122,78,12168,37.13444444,0.000948148,59.865,0.138025
Y27#2,123,77.5,12012.5,37.08111111,0.000948148,58.31833333,1.146608333
Y27#2,124,78.5,12012.5,37.15222222,0.000948148,57.49833333,0.500208333
Y34#3,130,133.5,420.5,34.45222222,0.724803704,54.19666667,1.806008333
Y34#3,131,84.5,5304.5,34.18555556,0.394059259,58.87166667,0.619558333
Y34#3,132,86.5,3444.5,34.88666667,1.024433333,56.305,2.291425
Y34#3,133,40.5,2812.5,33.09555556,5.278892593,46.37333333,7.746608333
Y34#3,134,99,2048,33.63333333,0.564811111,46.63,40.300725
Y34#3,135,115,1058,34.72666667,0.237644444,48.02666667,0.778808333
Y34#3,136,101.5,684.5,35.14888889,5.479048148,53.49166667,13.21645833
Y34#3,137,105.5,2520.5,34.82,1.778311111,59.68166667,17.76475833
Y34#3,138,110,50,34.34777778,0.97357037,62.455,34.7571
Y34#3,139,113,3528,34.66222222,3.323025926,66.12333333,0.147233333
Y34#3,140,22.5,544.5,33.77444444,0.732025926,59.16333333,28.33610833
Y34#3,141,95.5,3280.5,33.24333333,0.0133,58.35,2.832525
Y34#3,142,128.5,1512.5,33.78444444,4.811448148,55.29666667,14.39915833
Y34#3,143,70,968,33.76777778,1.980403704,55.635,4.9332
Y34#3,144,114.5,112.5,34.37555556,1.902403704,57.315,16.3156
Y34#3,145,98.5,612.5,34.99555556,2.480048148,58.79666667,3.190008333
Y34#3,146,69.5,840.5,34.97111111,0.505848148,57.425,13.9023
Y34#3,147,52,4232,35.33555556,0.593303704,60.49833333,0.541808333
Y34#3,148,123.5,4324.5,35.69111111,1.588137037,59.45,9.756775
Y34#3,149,79,800,34.95888889,3.004492593,59.99,6.475825
Y34#3,150,28.5,4.5,33.47666667,7.794711111,60.79333333,3.056608333
Y34#3,151,123,392,34.11333333,8.072711111,59.49166667,7.728933333
Y34#4,130,89.5,15664.5,37.46111111,0.000948148,58.23833333,0.560233333
Y34#4,131,88.5,15312.5,37.46111111,0.003792593,59.70166667,0.257258333
Y34#4,132,88,15488,37.42555556,0.003792593,57.995,0.6219
Y34#4,133,89,15842,36.94888889,0.73627037,55.43833333,1.499658333
Y34#4,134,89,15842,37.44333333,0.002844444,54.855,0.1875
Y34#4,135,89,15842,37.44333333,0.002844444,56.01666667,0.389608333
Y34#4,136,79,12482,37.20777778,0.027748148,58.14666667,5.903858333
Y34#4,137,177,0,37.13444444,0.003792593,59.94333333,0.548058333
Y34#4,138,177,0,37.11666667,0.002844444,59.94166667,2.358533333
Y34#4,139,176,0,37.04555556,0.000948148,58.24,1.220925
Y34#4,140,177,0,37.01,0.002844444,56.42333333,4.108433333
Y34#4,141,178,2,37.06333333,0,58.89166667,0.080033333
Y34#4,142,178,2,37.04555556,0.000948148,57.91,1.534575
Y34#4,143,0,0,36.93666667,0.012033333,56.18333333,0.270833333
Y34#4,144,89.5,16020.5,37.08111111,0.000948148,57.91166667,0.620258333
Y34#4,145,89.5,16020.5,37.08111111,0.006637037,58.81,0.235225
Y34#4,146,89.5,15664.5,37.13444444,0.000948148,59.62166667,0.494108333
Y34#4,147,89.5,16020.5,37.13444444,0.019625926,60.42833333,0.599608333
Y34#4,148,90,15842,37.01777778,0.001781481,58.73,0.316875
Y34#4,149,89.5,16020.5,37.04555556,0.000948148,58.485,0.6219
Y34#4,150,78,0,37,0.012033333,57.83333333,0.423858333
Y34#4,151,90,15488,37,0.012033333,57.83166667,0.543908333
Y34#4,152,90,15488,37.01777778,0.001781481,58.07666667,0.182533333
Y34#4,153,90.5,15664.5,36.93666667,0.0003,56.92666667,0.082508333
Y34#4,154,180,0,36.83777778,0.019625926,56.35,0.1875
Y42#4,124,69,5408,31.90666667,6.0736,44.24833333,51.62270833
Y42#4,125,151.5,220.5,32.96555556,4.343837037,46.035,5.5237
Y42#4,126,97.5,4324.5,33.85777778,1.708714815,54.30666667,22.72813333
Y42#4,127,104.5,144.5,34.11333333,2.761877778,49.80166667,2.409033333
Y42#4,128,82,11250,32.72111111,7.577048148,50.595,12.026425
Y42#4,129,24,32,32.58666667,4.194233333,55.42,2.668225
Y42#4,130,69.5,1860.5,34.87111111,0.704959259,61.41833333,86.49903333
Y42#4,131,128,450,33.91888889,3.305137037,60.55833333,24.12900833
Y42#4,132,86,392,34.21666667,7.527777778,55.05,6.638725
Y42#4,133,123,0,34.55555556,0.919381481,48.605,7.080775
Y42#4,134,81,4418,33.70888889,1.720781481,46.70833333,12.80200833
Y42#4,135,118.5,840.5,33.74777778,1.141381481,46.495,26.093275
Y42#4,136,67,7200,35.27888889,1.339403704,48.69833333,21.97980833
Y42#4,137,148,50,34.80555556,2.026603704,59.24166667,11.36705833
Y42#4,138,106.5,924.5,33.96777778,2.553003704,61.59,26.921575
Y42#4,139,48,392,33.93222222,6.583303704,65.59666667,12.00903333
Y42#4,140,34,338,33.45111111,0.691025926,53.14833333,8.790033333
Y42#4,141,150,338,33.46888889,1.221514815,55.16166667,39.78650833
Y42#4,142,88.5,1984.5,33.36666667,3.1081,59.17333333,82.69225833
Y42#4,143,126,5618,33.69555556,1.310325926,52.46833333,2.220233333
Y42#4,144,53.5,5304.5,32.37555556,1.702359259,50.02666667,12.78000833
Y42#4,145,128.5,3120.5,34.87,0.132577778,53.62833333,10.12625833
Y42#4,146,100,4232,34.50555556,1.204559259,58.19333333,22.97660833
Y42#5,124,107,9800,37.39777778,0.006225926,57.17333333,0.020833333
Y42#5,125,16,512,37.47888889,0.000948148,58.4,0.8571
Y42#5,126,90,15842,36.69555556,1.925337037,62.18333333,39.51710833
Y42#5,127,179.5,0.5,37.33444444,0.015292593,56.84333333,0.186258333
Y42#5,128,89,15842,37.44333333,0.002844444,57.415,2.262225
Y42#5,129,1,0,37.47888889,0.000948148,58.07333333,0.725208333
Y42#5,130,89.5,15664.5,37.46111111,0.000948148,58.23833333,0.560233333
Y42#5,131,88.5,15312.5,37.46111111,0.003792593,59.70166667,0.257258333
Y42#5,132,88,15488,37.42555556,0.003792593,57.995,0.6219
Y42#5,133,89,15842,36.94888889,0.73627037,55.43833333,1.499658333
Y42#5,134,89,15842,37.44333333,0.002844444,54.855,0.1875
Y42#5,135,89,15842,37.44333333,0.002844444,56.01666667,0.389608333
Y42#5,136,79,12482,37.20777778,0.027748148,58.14666667,5.903858333
Y42#5,137,177,0,37.13444444,0.003792593,59.94333333,0.548058333
Y42#5,138,177,0,37.11666667,0.002844444,59.94166667,2.358533333
Y42#5,139,176,0,37.04555556,0.000948148,58.24,1.220925
Y42#5,140,177,0,37.01,0.002844444,56.42333333,4.108433333
Y42#5,141,178,2,37.06333333,0,58.89166667,0.080033333
Y42#5,142,178,2,37.04555556,0.000948148,57.91,1.534575
Y42#5,143,0,0,36.93666667,0.012033333,56.18333333,0.270833333
Y42#5,144,89.5,16020.5,37.08111111,0.000948148,57.91166667,0.620258333
Y42#5,145,89.5,16020.5,37.08111111,0.006637037,58.81,0.235225
Y42#5,146,89.5,15664.5,37.13444444,0.000948148,59.62166667,0.494108333
Y42#5,147,89.5,16020.5,37.13444444,0.019625926,60.42833333,0.599608333
Y42#5,148,90,15842,37.01777778,0.001781481,58.73,0.316875
Y42#5,149,89.5,16020.5,37.04555556,0.000948148,58.485,0.6219
Y42#5,150,78,0,37,0.012033333,57.83333333,0.423858333
